Date Issue,Location,Comment,License Plate,Type,Ticket #,Tick_Num
01/03/2024 07:57 AM,MORRAINE VIEW DR,100% IN VIOLATION,V6428D,067 SCHOOL ZONE 7:30A-4:30P,24P2000001,1
01/03/2024 07:59 AM,MORRAINE VIEW DR,100% IN VIOLATION,AVW5907,067 SCHOOL ZONE 7:30A-4:30P,24P2000002,2
01/03/2024 08:06 AM,MORRAINE VIEW DR,PLATES EXPIRED,V6428D,050 UNREG.VEH/IMPROPER DISPLAY,24P2000003,3
01/03/2024 08:35 AM,WESTWARD WAY,LIC PLATES NOT DISPLAYED,Not Found,050 UNREG.VEH/IMPROPER DISPLAY,24P2000004,4
01/04/2024 07:42 AM,MORRAINE VIEW DR,100% IN VIOLATION,APA8529,067 SCHOOL ZONE 7:30A-4:30P,24P2000005,5
01/04/2024 01:18 PM,SCHROEDER RD,NO PARKING HERE TO CORNER W/ARROW.100 %,UJ9344,075 RESTRICTED BY SIGNS,24P2000006,6
01/04/2024 01:28 PM,CAMERON DR,9 INCHES FROM VISIBLE PAINTED CROSSWALK,KJ3338,074 LESS 15' OF CROSSWALK,24P2000007,7
01/05/2024 09:21 AM,WESTWARD WAY,CHALKED/NOTED 1/3/24 825AM,Not Found,004 STREET STORAGE(48 HR LIMIT),24P2000008,8
01/08/2024 07:25 AM,KESSEL CT,100% IN VIOLATION,W4601P,046 NO PARKING ANYTIME,24P2000009,9
01/08/2024 07:58 AM,MORRAINE VIEW DR,100% IN VIOLATION,AVW5907,067 SCHOOL ZONE 7:30A-4:30P,24P2000010,10
01/08/2024 08:09 AM,MORRAINE VIEW DR,"LIC PLATES NOT DISPLAYED, VEH NOT REGISTERED",Not Found,050 UNREG.VEH/IMPROPER DISPLAY,24P2000011,11
01/08/2024 09:46 AM,PRAIRIE RD,CHALKED/NOTED 1/4/24 245AM,UB1583,TOW TOW FEE,24P2000012,12
01/08/2024 09:46 AM,PRAIRIE RD,CHALKED/NOTED 1/4/24 245AM,UB1583,036 ABANDONMENT 48 HRS-PUB/PRIV,24P2000013,13
01/08/2024 10:26 AM,WESTWARD WAY,CHALKED/NOTED 1/3/24 825AM,Not Found,TOW TOW FEE,24P2000014,14
01/08/2024 10:26 AM,WESTWARD WAY,CHALKED/NOTED 1/3/24 825AM,Not Found,036 ABANDONMENT 48 HRS-PUB/PRIV,24P2000015,15
01/08/2024 10:49 AM,HIGH POINT RD,CHALKED/NOTED 1/5/24 1114AM,ARV6489,004 STREET STORAGE(48 HR LIMIT),24P2000016,16
01/10/2024 12:47 PM,KESSEL CT,CHALKED/NOTED 1/8/24 1237PM,ATJ8130,004 STREET STORAGE(48 HR LIMIT),24P2000017,17
01/10/2024 01:07 PM,KESSEL CT,CHALKED/NOTED 1/8/24 1237PM,ACG6496,004 STREET STORAGE(48 HR LIMIT),24P2000018,18
01/10/2024 01:12 PM,KESSEL CT,LIC PLATES EXPIRED 4/22,ACG6496,050 UNREG.VEH/IMPROPER DISPLAY,24P2000019,19
01/10/2024 01:20 PM,KESSEL CT,CHALKED 1/8/24 1237PM,ASA5468,004 STREET STORAGE(48 HR LIMIT),24P2000020,20
01/11/2024 07:23 AM,FREY ST,RESIDENT AND GUEST PARKING ONLY,AME8873,083 POSTED PRIVATE OR PUBLIC PROPERTY,24P2000021,21
01/11/2024 07:26 AM,FREY ST,RESIDENT AND GUEST PARKING ONLY,ABS3525,083 POSTED PRIVATE OR PUBLIC PROPERTY,24P2000022,22
01/11/2024 07:27 AM,FREY ST,RESIDENT AND GUEST PARKING ONLY,AMW8896,083 POSTED PRIVATE OR PUBLIC PROPERTY,24P2000023,23
01/11/2024 07:29 AM,FREY ST,RESIDENT AND GUEST PARKING ONLY,ASG9910,083 POSTED PRIVATE OR PUBLIC PROPERTY,24P2000024,24
01/11/2024 07:31 AM,FREY ST,RESIDENT AND GUEST PARKING ONLY,AND8276,083 POSTED PRIVATE OR PUBLIC PROPERTY,24P2000025,25
01/11/2024 08:24 AM,MUIR FIELD RD,NO PARKING BETWEEN DRIVEWAYS.100%,AVF1341,075 RESTRICTED BY SIGNS,24P2000026,26
01/16/2024 07:54 AM,MORRAINE VIEW DR,100% IN VIOLATION,4839AC,067 SCHOOL ZONE 7:30A-4:30P,24P2000027,27
01/16/2024 09:08 AM,MIDDLETON ST,"LIC PLATES NOT DISPLAYED,REG.EXP. 10/18",Not Found,050 UNREG.VEH/IMPROPER DISPLAY,24P2000028,28
01/16/2024 09:20 AM,MIDDLETON ST,"LIC PLATES EXPIRED 5/23, CANCELLED, NOT REGISTERED",AMD9722,050 UNREG.VEH/IMPROPER DISPLAY,24P2000029,29
01/16/2024 11:04 AM,ATTICUS WAY,SIGN(S) POSTED IN CLEAR VIEW,AJM5965,W016 WARNING - DISABLED PARKING VIOLATION,24P2000030,30
01/16/2024 11:46 AM,KESSEL CT,CHALKED 1/8/24 1237PM,ASA5468,TOW TOW FEE,24P2000031,31
01/16/2024 11:46 AM,KESSEL CT,CHALKED 1/8/24 1237PM,ASA5468,036 ABANDONMENT 48 HRS-PUB/PRIV,24P2000032,32
01/16/2024 01:56 PM,MORRAINE VIEW DR,CHALKED/NOTED 1/11/24 925AM,ALM7688,004 STREET STORAGE(48 HR LIMIT),24P2000033,33
01/17/2024 07:41 AM,MORRAINE VIEW DR,100% IN VIOLATION,AKL9967,W067 WARNING - SCHOOL ZONE 7:30A-4:30P-POSTED,24P2000034,34
01/17/2024 07:52 AM,MUIR FIELD RD,CHALKED/NOTED 1/11/24 1016AM,FHR498,004 STREET STORAGE(48 HR LIMIT),24P2000035,35
01/17/2024 08:11 AM,MUIR FIELD RD,NO PARKING HERE TO DRIVEWAY.100 %,APY9962,075 RESTRICTED BY SIGNS,24P2000036,36
01/17/2024 08:15 AM,MUIR FIELD RD,NO PARKING BETWEEN DRIVEWAYS. 100%,AJU5768,075 RESTRICTED BY SIGNS,24P2000037,37
01/17/2024 08:31 AM,RAYMOND RD,CHALKED/NOTED 1/11/24 1212PM,TR5674,004 STREET STORAGE(48 HR LIMIT),24P2000038,38
01/17/2024 09:27 AM,RAYMOND RD,CHALKED/NOTED 1/11/24 1240PM,ALN6573,004 STREET STORAGE(48 HR LIMIT),24P2000039,39
01/17/2024 09:59 AM,PRESIDENTIAL LN,CHALKED/NOTED 1/11/24 949AM,AKU2119,004 STREET STORAGE(48 HR LIMIT),24P2000040,40
01/17/2024 10:52 AM,RUSSETT RD,CHALKED/NOTED 1/11/24 118PM,30507H2,004 STREET STORAGE(48 HR LIMIT),24P2000041,41
01/17/2024 11:10 AM,LOREEN DR,CHALKED/NOTED 1/11/24 145PM,Not Found,004 STREET STORAGE(48 HR LIMIT),24P2000042,42
01/17/2024 12:55 PM,TERRY PL,1 FOOT INTO VISIBLE DRIVE,AUH4220,072 LESS 4' OF DRIVEWAY/ALLEY/PRVT DRIVE,24P2000043,43
01/18/2024 07:46 AM,MORRAINE VIEW DR,100% IN VIOLATION,ALK9052,067 SCHOOL ZONE 7:30A-4:30P,24P2000044,44
01/18/2024 11:06 AM,MIDDLETON ST,CHALKED/NOTED 1/16/24 910AM,AWE5019,004 STREET STORAGE(48 HR LIMIT),24P2000045,45
01/18/2024 11:49 AM,TREE LN,LIC PLATES EXPIRED 5/23,MRKMJK,050 UNREG.VEH/IMPROPER DISPLAY,24P2000046,46
01/18/2024 12:00 PM,TREE LN,100% IN VIOLATION,35ADCP,W046 WARNING - NO PARKING ANYTIME,24P2000047,47
01/19/2024 07:46 AM,MORRAINE VIEW DR,90% IN VIOLATION,TY6299,067 SCHOOL ZONE 7:30A-4:30P,24P2000048,48
01/19/2024 07:50 AM,MORRAINE VIEW DR,100% IN VIOLATION,V6428D,067 SCHOOL ZONE 7:30A-4:30P,24P2000049,49
01/19/2024 09:40 AM,RAYMOND RD,CHALKED/NOTED 1/11/24 1212PM,TR5674,TOW TOW FEE,24P2000050,50
01/19/2024 09:40 AM,RAYMOND RD,CHALKED/NOTED 1/11/24 1212PM,TR5674,036 ABANDONMENT 48 HRS-PUB/PRIV,24P2000051,51
01/19/2024 10:13 AM,RAYMOND RD,CHALKED/NOTED 1/11/24 1240PM,ALN6573,TOW TOW FEE,24P2000052,52
01/19/2024 10:13 AM,RAYMOND RD,CHALKED/NOTED 1/11/24 1240PM,ALN6573,036 ABANDONMENT 48 HRS-PUB/PRIV,24P2000053,53
01/19/2024 12:57 PM,RUSSETT RD,CHALKED/NOTED 1/11/24 118PM,30507H2,TOW TOW FEE,24P2000054,54
01/19/2024 12:57 PM,RUSSETT RD,CHALKED/NOTED 1/11/24 118PM,30507H2,036 ABANDONMENT 48 HRS-PUB/PRIV,24P2000055,55
01/19/2024 01:25 PM,LOREEN DR,CHALKED/NOTED 1/11/24 145PM,Not Found,TOW TOW FEE,24P2000056,56
01/19/2024 01:25 PM,LOREEN DR,CHALKED/NOTED 1/11/24 145PM,Not Found,036 ABANDONMENT 48 HRS-PUB/PRIV,24P2000057,57
01/22/2024 07:41 AM,MORRAINE VIEW DR,100% IN VIOLATION,ASJ2988,067 SCHOOL ZONE 7:30A-4:30P,24P2000058,58
01/22/2024 08:07 AM,TALC TRL,CHALKED/NOTED 1/17/24 1205PM,606MXF,004 STREET STORAGE(48 HR LIMIT),24P2000059,59
01/22/2024 08:25 AM,WALDORF BLVD,CHALKED/NOTED 1/17/24 1145AM,ARJ1840,004 STREET STORAGE(48 HR LIMIT),24P2000060,60
01/22/2024 08:49 AM,HARVEST MOON LN,CHALKED/NOTED 1/18/24 1012AM,456ZSZ,004 STREET STORAGE(48 HR LIMIT),24P2000061,61
01/22/2024 10:41 AM,CHELSEA ST,CHALKED/NOTED 1/19/24 512AM,APK1349,004 STREET STORAGE(48 HR LIMIT),24P2000062,62
01/22/2024 11:35 AM,D'ONOFRIO DR,LIC PLATES EXPIRED 3/22,875UTW,050 UNREG.VEH/IMPROPER DISPLAY,24P2000063,63
01/22/2024 12:06 PM,HAMMERSLEY RD,CHALKED/NOTED 1/19/24 135PM,ARB9049,TOW TOW FEE,24P2000064,64
01/22/2024 12:06 PM,HAMMERSLEY RD,CHALKED/NOTED 1/19/24 135PM,ARB9049,036 ABANDONMENT 48 HRS-PUB/PRIV,24P2000065,65
01/22/2024 01:41 PM,PARK EDGE DR,LIC PLATES EXPIRED 8/23,ARM7072,050 UNREG.VEH/IMPROPER DISPLAY,24P2000066,66
01/23/2024 08:21 AM,URICH TER,100% IN VIOLATION,AHR5736,080 AGAINST TRAFFIC-2 WAY STREET,24P2000067,67
01/23/2024 09:02 AM,SCHROEDER CT,DEALER PLATE SUSPENDED. NO SALE SHEET DISPLAYED,MV5889V,050 UNREG.VEH/IMPROPER DISPLAY,24P2000068,68
01/23/2024 11:49 AM,WESTBROOK LN,LIC PLATES EXPIRED 8/23,AKM2660,050 UNREG.VEH/IMPROPER DISPLAY,24P2000069,69
01/24/2024 08:38 AM,WALDORF BLVD,CHALKED/NOTED 1/17/24 1145AM,ARJ1840,TOW TOW FEE,24P2000070,70
01/24/2024 08:38 AM,WALDORF BLVD,CHALKED/NOTED 1/17/24 1145AM,ARJ1840,036 ABANDONMENT 48 HRS-PUB/PRIV,24P2000071,71
01/24/2024 09:11 AM,HARVEST MOON LN,CHALKED/NOTED 1/18/24 1012AM,456ZSZ,TOW TOW FEE,24P2000072,72
01/24/2024 09:11 AM,HARVEST MOON LN,CHALKED/NOTED 1/18/24 1012AM,456ZSZ,036 ABANDONMENT 48 HRS-PUB/PRIV,24P2000073,73
01/24/2024 11:43 AM,CIMARRON TRL,CHALKED/NOTED 1/22/24 1000AM,ATB3763,004 STREET STORAGE(48 HR LIMIT),24P2000074,74
01/24/2024 12:08 PM,D'ONOFRIO DR,CHALKED/NOTED 1/22/24 1135AM,875UTW,TOW TOW FEE,24P2000075,75
01/24/2024 12:08 PM,D'ONOFRIO DR,CHALKED/NOTED 1/22/24 1135AM,875UTW,036 ABANDONMENT 48 HRS-PUB/PRIV,24P2000076,76
01/24/2024 01:04 PM,MANCHESTER RD,CHALKED/NOTED 1/18/24 918AM,LPW401,TOW TOW FEE,24P2000077,77
01/24/2024 01:04 PM,MANCHESTER RD,CHALKED/NOTED 1/18/24 918AM,LPW401,036 ABANDONMENT 48 HRS-PUB/PRIV,24P2000078,78
01/24/2024 01:35 PM,PARK EDGE DR,CHALKED/NOTED 1/22/24 125PM,AYEMAMI,004 STREET STORAGE(48 HR LIMIT),24P2000079,79
01/25/2024 07:44 AM,MORRAINE VIEW DR,100% IN VIOLATION,V6428D,067 SCHOOL ZONE 7:30A-4:30P,24P2000080,80
01/25/2024 08:59 AM,PARK EDGE DR,100% IN VIOLATION,APC4925,046 NO PARKING ANYTIME,24P2000081,81
01/25/2024 10:06 AM,SINGLETON CT,CHALKED/NOTED 1/23/24 401AM,388XSZ,TOW TOW FEE,24P2000082,82
01/25/2024 10:06 AM,SINGLETON CT,CHALKED/NOTED 1/23/24 401AM,388XSZ,036 ABANDONMENT 48 HRS-PUB/PRIV,24P2000083,83
01/25/2024 10:34 AM,SCHROEDER CT,CHALKED/NOTED 1/23/24 855AM,MV5889V,TOW TOW FEE,24P2000084,84
01/25/2024 10:34 AM,SCHROEDER CT,CHALKED/NOTED 1/23/24 855AM,MV5889V,036 ABANDONMENT 48 HRS-PUB/PRIV,24P2000085,85
01/25/2024 11:00 AM,PRAIRIE RD,CHALKED/NOTED 1/23/24 1005AM,ALY7926,004 STREET STORAGE(48 HR LIMIT),24P2000086,86
01/25/2024 12:19 PM,WESTBROOK LN,CHALKED/NOTED 1/23/24 1145AM,AKM2660,TOW TOW FEE,24P2000087,87
01/25/2024 12:19 PM,WESTBROOK LN,CHALKED/NOTED 1/23/24 1145AM,AKM2660,036 ABANDONMENT 48 HRS-PUB/PRIV,24P2000088,88
01/26/2024 07:44 AM,JENIFER ST,100% BLOCKING VISIBLE DRIVE,PE6501,TOW TOW FEE,24P2000089,89
01/26/2024 07:44 AM,JENIFER ST,100% BLOCKING VISIBLE DRIVE,PE6501,072 LESS 4' OF DRIVEWAY/ALLEY/PRVT DRIVE,24P2000090,90
01/26/2024 09:56 AM,BALSAM RD,CHALKED/NOTED 1/23/24 350PM,ANK3059,TOW TOW FEE,24P2000091,91
01/26/2024 09:56 AM,BALSAM RD,CHALKED/NOTED 1/23/24 350PM,ANK3059,036 ABANDONMENT 48 HRS-PUB/PRIV,24P2000092,92
01/26/2024 10:27 AM,DRUMLIN LN,CHALKED/NOTED 1/24/24 442AM,ADL8320,TOW TOW FEE,24P2000093,93
01/26/2024 10:27 AM,DRUMLIN LN,CHALKED/NOTED 1/24/24 442AM,ADL8320,036 ABANDONMENT 48 HRS-PUB/PRIV,24P2000094,94
01/26/2024 10:47 AM,TUCSON TRL,CHALKED/NOTED 1/24/24 1010AM,AMJ7437,004 STREET STORAGE(48 HR LIMIT),24P2000095,95
01/26/2024 11:14 AM,MAPLE VALLEY DR,CHALKED/NOTED 1/24/24 1100AM,383BUH,TOW TOW FEE,24P2000096,96
01/26/2024 11:14 AM,MAPLE VALLEY DR,CHALKED/NOTED 1/24/24 1100AM,383BUH,036 ABANDONMENT 48 HRS-PUB/PRIV,24P2000097,97
01/26/2024 01:48 PM,PARK EDGE DR,CHALKED/NOTED 1/22/24 125PM,AYEMAMI,TOW TOW FEE,24P2000098,98
01/26/2024 01:48 PM,PARK EDGE DR,CHALKED/NOTED 1/22/24 125PM,AYEMAMI,036 ABANDONMENT 48 HRS-PUB/PRIV,24P2000099,99
01/26/2024 01:59 PM,GAMMON LN,100% IN VIOLATION,5230136,080 AGAINST TRAFFIC-2 WAY STREET,24P2000100,100
01/29/2024 08:08 AM,DRAKE ST,NO PARKING 8A-930A MONDAYS,AGD5428,048 STREET CLEAN/MAINTENANCE REGULATIONS,24P2000101,101
01/29/2024 08:12 AM,BOWEN CT,NO PARKING 8A-12P MONDAYS,ARH7360,048 STREET CLEAN/MAINTENANCE REGULATIONS,24P2000102,102
01/29/2024 08:15 AM,BOWEN CT,NO PARKING 8A-12P MONDAYS X1315,AED1028,048 STREET CLEAN/MAINTENANCE REGULATIONS,24P2000103,103
01/29/2024 08:17 AM,BOWEN CT,NO PARKING 8A-12P MONDAYS,772WKA,048 STREET CLEAN/MAINTENANCE REGULATIONS,24P2000104,104
01/29/2024 08:19 AM,BOWEN CT,NO PARKING 8A-12P MONDAYS X1327,639VFL,048 STREET CLEAN/MAINTENANCE REGULATIONS,24P2000105,105
01/29/2024 08:21 AM,BOWEN CT,NO PARKING 8A-12P MONDAYS X1327,MLA614,048 STREET CLEAN/MAINTENANCE REGULATIONS,24P2000106,106
01/29/2024 08:25 AM,VILAS AVE,NO PARKING 8A-12P MONDAYS,ELM6423,048 STREET CLEAN/MAINTENANCE REGULATIONS,24P2000107,107
01/29/2024 08:27 AM,VILAS AVE,NO PARKING 8A-NOON MONDAYS,APJ7120,048 STREET CLEAN/MAINTENANCE REGULATIONS,24P2000108,108
01/29/2024 08:28 AM,VILAS AVE,NO PARKING 8A-NOON MONDAYS,622WBK,048 STREET CLEAN/MAINTENANCE REGULATIONS,24P2000109,109
01/29/2024 08:30 AM,VILAS AVE,NO PARKING 8A-NOON MONDAYS,382UCM,048 STREET CLEAN/MAINTENANCE REGULATIONS,24P2000110,110
01/29/2024 08:33 AM,DRAKE ST,NO PARKING 8A-NOON MONDAYS,D707F,048 STREET CLEAN/MAINTENANCE REGULATIONS,24P2000111,111
01/29/2024 08:36 AM,DRAKE ST,NO PARKING 8A-NOON MONDAYS,ATP4709,048 STREET CLEAN/MAINTENANCE REGULATIONS,24P2000112,112
01/29/2024 08:39 AM,DRAKE ST,NO PARKING 8A-NOON MONDAYS,W4610P,048 STREET CLEAN/MAINTENANCE REGULATIONS,24P2000113,113
01/29/2024 08:44 AM,CHANDLER ST,NO PARKING 8A-NOON MONDAYS,13631ER,048 STREET CLEAN/MAINTENANCE REGULATIONS,24P2000114,114
01/29/2024 08:46 AM,CHANDLER ST,NO PARKING 8A-NOON MONDAYS,AFB1141,048 STREET CLEAN/MAINTENANCE REGULATIONS,24P2000115,115
01/29/2024 08:48 AM,CHANDLER ST,NO PARKING 8A-NOON MONDAYS,450UVH,048 STREET CLEAN/MAINTENANCE REGULATIONS,24P2000116,116
01/29/2024 08:54 AM,MILTON ST,NO PARKING 8A-NOON MONDAYS X1225,698ZYM,048 STREET CLEAN/MAINTENANCE REGULATIONS,24P2000117,117
01/29/2024 08:56 AM,MILTON ST,NO PARKING 8A-NOON MONDAYS,ALV7277,048 STREET CLEAN/MAINTENANCE REGULATIONS,24P2000118,118
01/29/2024 09:02 AM,EMERALD ST,NO PARKING 8A-NOON MONDAYS,AUH4534,048 STREET CLEAN/MAINTENANCE REGULATIONS,24P2000119,119
01/29/2024 09:05 AM,EMERALD ST,NO PARKING 8A-NOON MONDAYS,462ZUW,048 STREET CLEAN/MAINTENANCE REGULATIONS,24P2000120,120
01/29/2024 09:06 AM,EMERALD ST,NO PARKING 8A-NOON MONDAYS,AUV6665,048 STREET CLEAN/MAINTENANCE REGULATIONS,24P2000121,121
01/29/2024 09:09 AM,ERIN ST,NO PARKING 8A-NOON MONDAYS,DYT161,048 STREET CLEAN/MAINTENANCE REGULATIONS,24P2000122,122
01/29/2024 09:13 AM,DELAPLAINE CT,NO PARKING 8A-NOON MONDAYS,NGGB23,048 STREET CLEAN/MAINTENANCE REGULATIONS,24P2000123,123
01/29/2024 09:17 AM,HAYWOOD DR,NO PARKING 8A-NOON MONDAYS X917,AVZ7019,048 STREET CLEAN/MAINTENANCE REGULATIONS,24P2000124,124
01/29/2024 09:18 AM,HAYWOOD DR,NO PARKING 8A-NOON MONDAYS,AKP5700,048 STREET CLEAN/MAINTENANCE REGULATIONS,24P2000125,125
01/29/2024 09:20 AM,HAYWOOD DR,NO PARKING 8A-NOON MONDAYS,ARD3044,048 STREET CLEAN/MAINTENANCE REGULATIONS,24P2000126,126
01/29/2024 09:42 AM,JOHN NOLEN DR,EMPLOYEE PARKING,AMG4025,083 POSTED PRIVATE OR PUBLIC PROPERTY,24P2000127,127
01/29/2024 10:15 AM,FAHRENBROOK CT,NO PARKING 8A-NOON MONDAYS,AVW8121,048 STREET CLEAN/MAINTENANCE REGULATIONS,24P2000128,128
01/29/2024 10:18 AM,FAHRENBROOK CT,NO PARKING 8A-NOON MONDAYS X1001,730WTT,048 STREET CLEAN/MAINTENANCE REGULATIONS,24P2000129,129
01/29/2024 10:20 AM,FAHRENBROOK CT,NO PARKING 8A-NOON MONDAYS X1005,468MLD,048 STREET CLEAN/MAINTENANCE REGULATIONS,24P2000130,130
01/29/2024 10:21 AM,FAHRENBROOK CT,NO PARKING 8A-NOON MONDAYS X1007,257RSJ,048 STREET CLEAN/MAINTENANCE REGULATIONS,24P2000131,131
01/29/2024 10:23 AM,FAHRENBROOK CT,NO PARKING 8A-NOON MONDAYS,AGV2110,048 STREET CLEAN/MAINTENANCE REGULATIONS,24P2000132,132
01/29/2024 10:24 AM,FAHRENBROOK CT,NO PARKING 8A-NOON MONDAYS,361TJL,048 STREET CLEAN/MAINTENANCE REGULATIONS,24P2000133,133
01/29/2024 10:26 AM,FAHRENBROOK CT,NO PARKING 8A-NOON MONDAYS,AHX2896,048 STREET CLEAN/MAINTENANCE REGULATIONS,24P2000134,134
01/29/2024 10:30 AM,SPRING ST,NO PARKING 8A-NOON MONDAYS,AVV5662,048 STREET CLEAN/MAINTENANCE REGULATIONS,24P2000135,135
01/29/2024 10:31 AM,SPRING ST,NO PARKING 8A-NOON MONDAYS,AAU9141,048 STREET CLEAN/MAINTENANCE REGULATIONS,24P2000136,136
01/29/2024 10:34 AM,SPRING ST,NO PARKING 8A-NOON MONDAYS,AVR2950,048 STREET CLEAN/MAINTENANCE REGULATIONS,24P2000137,137
01/29/2024 10:36 AM,SPRING ST,NO PARKING 8A-NOON MONDAYS,L10981,048 STREET CLEAN/MAINTENANCE REGULATIONS,24P2000138,138
01/29/2024 10:38 AM,SPRING ST,NO PARKING 8A-NOON MONDAYS,AUM9136,048 STREET CLEAN/MAINTENANCE REGULATIONS,24P2000139,139
01/29/2024 10:39 AM,SPRING ST,NO PARKING 8A-NOON MONDAYS,ABZ9400,048 STREET CLEAN/MAINTENANCE REGULATIONS,24P2000140,140
01/29/2024 10:41 AM,SPRING ST,NO PARKING 8A-NOON MONDAYS X1301,561LXS,048 STREET CLEAN/MAINTENANCE REGULATIONS,24P2000141,141
01/29/2024 10:52 AM,WEST SHORE DR,NO PARKING 1030A-2P MONDAYS,DU4301,048 STREET CLEAN/MAINTENANCE REGULATIONS,24P2000142,142
01/29/2024 10:56 AM,WEST SHORE DR,NO PARKING 1030A-2P MONDAYS,KK3805,048 STREET CLEAN/MAINTENANCE REGULATIONS,24P2000143,143
01/29/2024 11:03 AM,SOUTH SHORE DR,NO PARKING 1030A-2P MONDAYS,AMX2410,048 STREET CLEAN/MAINTENANCE REGULATIONS,24P2000144,144
01/29/2024 11:14 AM,LAKESIDE ST,NO PARKING 1030A-2P MONDAYS,811ZDY,048 STREET CLEAN/MAINTENANCE REGULATIONS,24P2000145,145
01/29/2024 11:15 AM,LAKESIDE ST,NO PARKING 1030A-2P MONDAYS,ARE5034,048 STREET CLEAN/MAINTENANCE REGULATIONS,24P2000146,146
01/29/2024 11:17 AM,LAKESIDE ST,NO PARKING 1030A-2P MONDAYS,641YKE,048 STREET CLEAN/MAINTENANCE REGULATIONS,24P2000147,147
01/29/2024 11:19 AM,LAKESIDE ST,NO PARKING 1030A-2P MONDAYS,UW9173,048 STREET CLEAN/MAINTENANCE REGULATIONS,24P2000148,148
01/29/2024 11:29 AM,EMERSON ST,NO PARKING 1030A-2P MONDAYS,AST8680,048 STREET CLEAN/MAINTENANCE REGULATIONS,24P2000149,149
01/29/2024 11:34 AM,POTTER ST,NO PARKING 1030A-2P MONDAYS,ARL1549,048 STREET CLEAN/MAINTENANCE REGULATIONS,24P2000150,150
01/29/2024 11:42 AM,SAYLE ST,NO PARKING 1030A-2P MONDAYS,AMY8462,048 STREET CLEAN/MAINTENANCE REGULATIONS,24P2000151,151
01/29/2024 11:43 AM,SAYLE ST,NO PARKING 1030A-2P MONDAYS,AEP4326,048 STREET CLEAN/MAINTENANCE REGULATIONS,24P2000152,152
01/29/2024 11:47 AM,VAN DEUSEN ST,NO PARKING 1030A-2P MONDAYS X121,381VBX,048 STREET CLEAN/MAINTENANCE REGULATIONS,24P2000153,153
01/29/2024 11:49 AM,VAN DEUSEN ST,NO PARKING 1030A-2P MONDAYS,AJZ9348,048 STREET CLEAN/MAINTENANCE REGULATIONS,24P2000154,154
01/29/2024 11:52 AM,OLIN AVE,NO PARKING 1030A-2P MONDAYS X509,262XUA,048 STREET CLEAN/MAINTENANCE REGULATIONS,24P2000155,155
01/29/2024 11:54 AM,OLIN AVE,NO PARKING 1030A-2P MONDAYS X523,619MGX,048 STREET CLEAN/MAINTENANCE REGULATIONS,24P2000156,156
01/29/2024 11:56 AM,OLIN AVE,NO PARKING 1030A-2P MONDAYS,ARX2251,048 STREET CLEAN/MAINTENANCE REGULATIONS,24P2000157,157
01/29/2024 11:58 AM,OLIN AVE,NO PARKING 1030A-2P MONDAYS,ANP5052,048 STREET CLEAN/MAINTENANCE REGULATIONS,24P2000158,158
01/29/2024 12:03 PM,SPRUCE ST,NO PARKING 1030A-2P MONDAYS,KYJ8978,048 STREET CLEAN/MAINTENANCE REGULATIONS,24P2000159,159
01/29/2024 12:06 PM,PINE ST,NO PARKING 1030A-2P MONDAYS,AJU1058,048 STREET CLEAN/MAINTENANCE REGULATIONS,24P2000160,160
01/30/2024 08:52 AM,WOODINGTON WAY,TIME OF VIOLATION 813AM.100%. DROPPED OFF CHILD,418LSN,063 NO STOPPING STANDING OR PARKING,24P2000161,161
01/30/2024 08:55 AM,WOODINGTON WAY,TIME OF VIOLATION 815AM.100%. DROPPED OFF CHILD,824WNB,063 NO STOPPING STANDING OR PARKING,24P2000162,162
01/30/2024 08:59 AM,WOODINGTON WAY,TIME OF VIOLATION 822AM. DROPPED OFF CHILD IN TRAFFIC LANE,ARE3674,060 NO DOUBLE PARKING,24P2000163,163
01/30/2024 09:14 AM,PRAIRIE RD,NSSP 7AM-430PM.TIME OF VIOLATION 726AM. X2606,699TVN,156 NO STOP/STAND/PARK SCHOOL ZONE SPECIFIED TIMES,24P2000164,164
01/30/2024 09:17 AM,PRAIRIE RD,NSSP 7AM-430PM.TIME OF VIOLATION 727AM. X2606,AUM9263,156 NO STOP/STAND/PARK SCHOOL ZONE SPECIFIED TIMES,24P2000165,165
01/30/2024 09:19 AM,PRAIRIE RD,NSSP 7AM-430PM.TIME OF VIOLATION 727AM. X2602,ARK8706,156 NO STOP/STAND/PARK SCHOOL ZONE SPECIFIED TIMES,24P2000166,166
01/30/2024 09:21 AM,PRAIRIE RD,NSSP 7AM-430PM.TIME OF VIOLATION 732AM. X2518,AUA3411,156 NO STOP/STAND/PARK SCHOOL ZONE SPECIFIED TIMES,24P2000167,167
01/30/2024 09:24 AM,PRAIRIE RD,NSSP 7AM-430PM.TIME OF VIOLATION 732AM. X2602,APW5485,156 NO STOP/STAND/PARK SCHOOL ZONE SPECIFIED TIMES,24P2000168,168
01/30/2024 09:26 AM,PRAIRIE RD,NSSP 7AM-430PM.TIME OF VIOLATION 735AM. X2518,811KCS,156 NO STOP/STAND/PARK SCHOOL ZONE SPECIFIED TIMES,24P2000169,169
01/30/2024 09:28 AM,PRAIRIE RD,NSSP 7AM-430PM.TIME OF VIOLATION 737AM. X2518,AUV6654,156 NO STOP/STAND/PARK SCHOOL ZONE SPECIFIED TIMES,24P2000170,170
01/30/2024 09:30 AM,PRAIRIE RD,NSSP 7AM-430PM.TIME OF VIOLATION 737AM. X2518,ASP5225,156 NO STOP/STAND/PARK SCHOOL ZONE SPECIFIED TIMES,24P2000171,171
01/30/2024 09:32 AM,PRAIRIE RD,NSSP 7AM-430PM.TIME OF VIOLATION 739AM. X2518,AMP1538,156 NO STOP/STAND/PARK SCHOOL ZONE SPECIFIED TIMES,24P2000172,172
01/30/2024 09:34 AM,PRAIRIE RD,NSSP 7AM-430PM.TIME OF VIOLATION 742AM. X2602,ARP9777,156 NO STOP/STAND/PARK SCHOOL ZONE SPECIFIED TIMES,24P2000173,173
01/30/2024 12:20 PM,STARR GRASS DR,100% IN VIOLATION. ALSO 8 FEET FROM CROSSWALK,AVM2846,W056 WARNING - NO PARKING WITHIN INTERSECTION,24P2000174,174
01/31/2024 07:54 AM,POST RD,TIME OF VIOLATION 714AM.100% IN VIOLATION,AMA2752,063 NO STOPPING STANDING OR PARKING,24P2000175,175
01/31/2024 07:58 AM,POST RD,TIME OF VIOLATION 735AM. BUS LOADING ONLY.100%,AKW4040,063 NO STOPPING STANDING OR PARKING,24P2000176,176
01/31/2024 08:00 AM,POST RD,TIME OF VIOLATION 735AM. BUS LOADING ONLY.100%,36075U,063 NO STOPPING STANDING OR PARKING,24P2000177,177
01/31/2024 08:02 AM,POST RD,TIME OF VIOLATION 738AM. BUS LOADING ONLY.100%,ABG7107,063 NO STOPPING STANDING OR PARKING,24P2000178,178
01/31/2024 08:11 AM,POST RD,TIME OF VIOLATION 804AM.ON CROSSWALK,AVV1942,063 NO STOPPING STANDING OR PARKING,24P2000179,179
01/31/2024 08:14 AM,POST RD,TIME OF VIOLATION 805AM.BUS LOADING ONLY,ACF5898,063 NO STOPPING STANDING OR PARKING,24P2000180,180
01/31/2024 08:16 AM,POST RD,TIME OF VIOLATION 810AM.100% IN VIOLATION. ON CROSSWALK,735NSK,063 NO STOPPING STANDING OR PARKING,24P2000181,181
01/31/2024 08:22 AM,POST RD,TIME OF VIOLATION 817AM.BUS LOADING ONLY,MR1592,063 NO STOPPING STANDING OR PARKING,24P2000182,182
01/31/2024 09:47 AM,RUSSETT RD,LIC PLATES EXPIRED 4/20,ACL4210,050 UNREG.VEH/IMPROPER DISPLAY,24P2000183,183
01/31/2024 11:59 AM,SANTA FE TRL,CHALKED/NOTED 1/25/24 1255PM,HJS297,TOW TOW FEE,24P2000184,184
01/31/2024 11:59 AM,SANTA FE TRL,CHALKED/NOTED 1/25/24 1255PM,HJS297,036 ABANDONMENT 48 HRS-PUB/PRIV,24P2000185,185
02/01/2024 07:43 AM,MORRAINE VIEW DR,NO PARKING 7A-430P ON SCHOOL DAYS. 100%,ASJ2988,157 SCHOOL ZONE SPECIFIED TIMES,24P2000186,186
02/01/2024 10:04 AM,MAYO DR,CHALKED/NOTED 1/30/24 547AM,BD49256,004 STREET STORAGE(48 HR LIMIT),24P2000187,187
02/01/2024 10:23 AM,STARR GRASS DR,LIC PLATES EXPIRED 8/23.ALSO PARKED IN INTERSECTION,ASG4667,050 UNREG.VEH/IMPROPER DISPLAY,24P2000188,188
02/01/2024 10:24 AM,STARR GRASS DR,LIC PLATES EXPIRED 8/23.ALSO PARKED IN INTERSECTION,AGS4667,050 UNREG.VEH/IMPROPER DISPLAY,24P2000189,189
02/01/2024 11:26 AM,RUSSETT RD,LIC PLATES EXPIRED 6/22,ALX5669,050 UNREG.VEH/IMPROPER DISPLAY,24P2000190,190
02/01/2024 11:30 AM,RUSSETT RD,LIC PLATES EXPIRED 2/23,AKZ8165,050 UNREG.VEH/IMPROPER DISPLAY,24P2000191,191
02/01/2024 11:39 AM,CAMERON DR,LIC PLATES EXPIRED 12/21,ANP8323,050 UNREG.VEH/IMPROPER DISPLAY,24P2000192,192
02/01/2024 11:52 AM,RAYMOND RD,WHOLESALER PLATE CANCELLED. VEH NOT REGISTERED,WH2118V,050 UNREG.VEH/IMPROPER DISPLAY,24P2000193,193
02/01/2024 12:35 PM,WALDORF BLVD,CHALKED/NOTED 1/30/24 1230PM,AFG6067,004 STREET STORAGE(48 HR LIMIT),24P2000194,194
02/03/2024 07:23 AM,DOTY ST,PARKED NEXT TO VISIBLE HYDRANT.100% IN YELLOW CURB,AVB1135,071 LESS THAN 10' OF FIRE HYDRANT,24P2000195,195
02/03/2024 07:28 AM,WILSON ST,NO PARKING HERE TO CORNER W/ARROW.100%,AUY4220,075 RESTRICTED BY SIGNS,24P2000196,196
02/03/2024 07:31 AM,WILSON ST,NO PARKING HERE TO CORNER W/ARROW.100%,BJW1080,075 RESTRICTED BY SIGNS,24P2000197,197
02/03/2024 07:39 AM,BEDFORD ST,NO PARKING HERE TO CORNER W/ARROW.80%,ABH9255,075 RESTRICTED BY SIGNS,24P2000198,198
02/03/2024 07:50 AM,RANDALL AVE,NO PARKING BUS STOP.X125.95 % IN VIOLATION,ALY9691,045 BUS STOP OR TAXI STAND,24P2000199,199
02/03/2024 09:59 AM,WILLIAMSON ST,1 HOUR PARKING 830A-6P. 835AM,AJE1515,006 1 HR LIMIT DURING POSTED TIMES,24P2000200,200
02/03/2024 10:27 AM,JENIFER ST,NO PARKING 8A-4P ODD NUMBERED CALENDAR DAYS,39480U,002 JENIFER ST. ALTERNATE 8A-4P,24P2000201,201
02/03/2024 10:28 AM,JENIFER ST,NO PARKING 8A-4P ODD NUMBERED CALENDAR DAYS,ADZ8896,002 JENIFER ST. ALTERNATE 8A-4P,24P2000202,202
02/03/2024 10:31 AM,JENIFER ST,NO PARKING 8A-4P ODD NUMBERED CALENDAR DAYS,AMR6492,002 JENIFER ST. ALTERNATE 8A-4P,24P2000203,203
02/03/2024 10:32 AM,JENIFER ST,NO PARKING 8A-4P ODD NUMBERED CALENDAR DAYS,ADM3464,002 JENIFER ST. ALTERNATE 8A-4P,24P2000204,204
02/03/2024 10:33 AM,JENIFER ST,NO PARKING 8A-4P ODD NUMBERED CALENDAR DAYS,AMR6492,002 JENIFER ST. ALTERNATE 8A-4P,24P2000205,205
02/03/2024 10:34 AM,JENIFER ST,NO PARKING 8A-4P ODD NUMBERED CALENDAR DAYS,AMR6492,002 JENIFER ST. ALTERNATE 8A-4P,24P2000206,206
02/03/2024 10:36 AM,JENIFER ST,NO PARKING 8A-4P ODD NUMBERED CALENDAR DAYS,AWE4340,002 JENIFER ST. ALTERNATE 8A-4P,24P2000207,207
02/03/2024 10:38 AM,JENIFER ST,NO PARKING 8A-4P ODD NUMBERED CALENDAR DAYS 12/1-3/15,AMT9018,002 JENIFER ST. ALTERNATE 8A-4P,24P2000208,208
02/03/2024 10:40 AM,JENIFER ST,NO PARKING 8A-4P ODD NUMBERED CALENDAR DAYS 12/1-3/15,AMY9147,002 JENIFER ST. ALTERNATE 8A-4P,24P2000209,209
02/03/2024 10:42 AM,JENIFER ST,NO PARKING 8A-4P ODD NUMBERED CALENDAR DAYS 12/1-3/15,422XWK,002 JENIFER ST. ALTERNATE 8A-4P,24P2000210,210
02/03/2024 10:44 AM,JENIFER ST,NO PARKING 8A-4P ODD NUMBERED CALENDAR DAYS 12/1-3/15,AVC6147,002 JENIFER ST. ALTERNATE 8A-4P,24P2000211,211
02/03/2024 10:46 AM,JENIFER ST,NO PARKING 8A-4P ODD NUMBERED CALENDAR DAYS 12/1-3/15,SM7038,002 JENIFER ST. ALTERNATE 8A-4P,24P2000212,212
02/03/2024 10:47 AM,JENIFER ST,NO PARKING 8A-4P ODD NUMBERED CALENDAR DAYS 12/1-3/15,AMG4620,002 JENIFER ST. ALTERNATE 8A-4P,24P2000213,213
02/03/2024 10:48 AM,JENIFER ST,NO PARKING 8A-4P ODD NUMBERED CALENDAR DAYS 12/1-3/15,AST2917,002 JENIFER ST. ALTERNATE 8A-4P,24P2000214,214
02/03/2024 10:49 AM,JENIFER ST,NO PARKING 8A-4P ODD NUMBERED CALENDAR DAYS 12/1-3/15,DLV448,002 JENIFER ST. ALTERNATE 8A-4P,24P2000215,215
02/03/2024 11:04 AM,FRANCES ST,TENANT PARKING ONLY,JSE867,083 POSTED PRIVATE OR PUBLIC PROPERTY,24P2000216,216
02/03/2024 11:57 AM,WASHINGTON AVE,30 MIN PARKING 8A-6P. 1007AM,214WTP,011 30 MIN LIMIT DURING POSTED TIMES,24P2000217,217
02/03/2024 12:43 PM,MIFFLIN ST,100% IN VIOLATION.X612,AHN2198,046 NO PARKING ANYTIME,24P2000218,218
02/03/2024 12:59 PM,RANDALL AVE,90% IN VIOLATION.,4813TG,046 NO PARKING ANYTIME,24P2000219,219
02/03/2024 01:03 PM,RANDALL AVE,NO PARKING BUS STOP #0806. 100 %,AEW2609,045 BUS STOP OR TAXI STAND,24P2000220,220
02/03/2024 01:31 PM,MILLS ST,NO PARKING 7A-6P,AVC6417,047 NO PARKING SPECIFIED TIMES,24P2000221,221
02/06/2024 12:20 PM,BRITTANY PL,LIC PLATES EXPIRED 6/23,W7213A,050 UNREG.VEH/IMPROPER DISPLAY,24P2000222,222
02/07/2024 07:52 AM,BADGER RD,TIME OF VIOLATION 723AM. NSSP 7AM-430PM.100%,AKP5762,156 NO STOP/STAND/PARK SCHOOL ZONE SPECIFIED TIMES,24P2000223,223
02/07/2024 07:58 AM,BADGER RD,TIME OF VIOLATION 735AM. NO PARKING HERE TO DRIVEWAY.100%,ALF2562,075 RESTRICTED BY SIGNS,24P2000224,224
02/07/2024 08:05 AM,BADGER RD,TIME OF VIOLATION 801AM. NSSP 7A-430P.100%,AAL8756,156 NO STOP/STAND/PARK SCHOOL ZONE SPECIFIED TIMES,24P2000225,225
02/07/2024 09:37 AM,UNIVERSITY AVE,AUTHORIZED PARKING ONLY,AUH7309,083 POSTED PRIVATE OR PUBLIC PROPERTY,24P2000226,226
02/07/2024 09:39 AM,UNIVERSITY AVE,AUTHORIZED PARKING ONLY,60598DS,083 POSTED PRIVATE OR PUBLIC PROPERTY,24P2000227,227
02/07/2024 09:40 AM,UNIVERSITY AVE,AUTHORIZED PARKING ONLY,AVM1851,083 POSTED PRIVATE OR PUBLIC PROPERTY,24P2000228,228
02/07/2024 09:41 AM,UNIVERSITY AVE,AUTHORIZED PARKING ONLY,AHF3908,083 POSTED PRIVATE OR PUBLIC PROPERTY,24P2000229,229
02/07/2024 09:42 AM,UNIVERSITY AVE,AUTHORIZED PARKING ONLY,CT47436,083 POSTED PRIVATE OR PUBLIC PROPERTY,24P2000230,230
02/07/2024 09:43 AM,UNIVERSITY AVE,AUTHORIZED PARKING ONLY,AVC5614,083 POSTED PRIVATE OR PUBLIC PROPERTY,24P2000231,231
02/07/2024 10:09 AM,JUNCTION RD,515 CUSTOMER PARKING ONLY,ACT2115,083 POSTED PRIVATE OR PUBLIC PROPERTY,24P2000232,232
02/07/2024 11:30 AM,LAKOTA WAY,CHALKED/NOTED 2/2/24 1200PM,441YGK,TOW TOW FEE,24P2000233,233
02/07/2024 11:30 AM,LAKOTA WAY,CHALKED/NOTED 2/2/24 1200PM,441YGK,036 ABANDONMENT 48 HRS-PUB/PRIV,24P2000234,234
02/07/2024 11:46 AM,WILRICH ST,CHALKED/NOTED 2/5/24 905AM,Not Found,004 STREET STORAGE(48 HR LIMIT),24P2000235,235
02/07/2024 12:25 PM,BRAXTON PL,HOSPITAL PATIENT AND VISITOR PARKING ONLY,ANM4421,083 POSTED PRIVATE OR PUBLIC PROPERTY,24P2000236,236
02/07/2024 01:18 PM,CARLING DR,CHALKED/NOTED 2/5/24 1150AM,AVC6134,004 STREET STORAGE(48 HR LIMIT),24P2000237,237
02/08/2024 09:44 AM,COLLEGE CT,"6 FEET INTO VISIBLE DRIVE. X1020, DRIVE FOR 1024 REGENT ST",991XVW,072 LESS 4' OF DRIVEWAY/ALLEY/PRVT DRIVE,24P2000238,238
02/08/2024 12:15 PM,BRITTANY PL,CHALKED/NOTED 2/6/24 1210PM,W7213A,TOW TOW FEE,24P2000239,239
02/08/2024 12:15 PM,BRITTANY PL,CHALKED/NOTED 2/6/24 1210PM,W7213A,036 ABANDONMENT 48 HRS-PUB/PRIV,24P2000240,240
02/08/2024 01:18 PM,ALLIED DR,CHALKED/NOTED 2/6/24 1230PM,ATA6958,TOW TOW FEE,24P2000241,241
02/08/2024 01:18 PM,ALLIED DR,CHALKED/NOTED 2/6/24 1230PM,ATA6958,036 ABANDONMENT 48 HRS-PUB/PRIV,24P2000242,242
02/08/2024 01:46 PM,WATTS RD,16 - NO DIS PERMIT VISIBLE IN VEH,16236AFT,016 DISABLED PARKING VIOLATION,24P2000243,243
02/09/2024 11:48 AM,PARK HEIGHTS CT,LIC PLATES NOT DISPLAYED,Not Found,050 UNREG.VEH/IMPROPER DISPLAY,24P2000244,244
02/09/2024 11:58 AM,PARK HEIGHTS CT,LIC PLATES EXPIRED 8/23,325CPT,050 UNREG.VEH/IMPROPER DISPLAY,24P2000245,245
02/12/2024 10:41 AM,MONTICELLO WAY,LIC PLATES EXPIRED 5/23,AJP8082,050 UNREG.VEH/IMPROPER DISPLAY,24P2000246,246
02/12/2024 11:18 AM,GAMMON RD,NO PARKING PRIVATE PROPERTY,AWF7665,083 POSTED PRIVATE OR PUBLIC PROPERTY,24P2000247,247
02/12/2024 11:20 AM,GAMMON RD,NO PARKING PRIVATE PROPERTY,AWL2329,083 POSTED PRIVATE OR PUBLIC PROPERTY,24P2000248,248
02/12/2024 11:21 AM,GAMMON RD,NO PARKING PRIVATE PROPERTY,928JVY,083 POSTED PRIVATE OR PUBLIC PROPERTY,24P2000249,249
02/12/2024 11:22 AM,GAMMON RD,NO PARKING PRIVATE PROPERTY,APC3152,083 POSTED PRIVATE OR PUBLIC PROPERTY,24P2000250,250
02/12/2024 11:23 AM,GAMMON RD,NO PARKING PRIVATE PROPERTY,AKS8106,083 POSTED PRIVATE OR PUBLIC PROPERTY,24P2000251,251
02/12/2024 12:09 PM,MORRAINE VIEW DR,NO PARKING 7A-430P ON SCHOOL DAYS. 100%,APK6433,157 SCHOOL ZONE SPECIFIED TIMES,24P2000252,252
02/12/2024 12:14 PM,MORRAINE VIEW DR,NO PARKING 7A-430P ON SCHOOL DAYS. 100%,V6428D,157 SCHOOL ZONE SPECIFIED TIMES,24P2000253,253
02/13/2024 08:59 AM,WAUKESHA ST,TIME OF VIOLATION 809AM. 100%,TAC0CAT,063 NO STOPPING STANDING OR PARKING,24P2000254,254
02/13/2024 09:03 AM,WAUKESHA ST,TIME OF VIOLATION 812AM. 100%,ATS4807,063 NO STOPPING STANDING OR PARKING,24P2000255,255
02/13/2024 09:05 AM,WAUKESHA ST,TIME OF VIOLATION 823AM. 100%,AAA3379,063 NO STOPPING STANDING OR PARKING,24P2000256,256
02/13/2024 09:07 AM,WAUKESHA ST,TIME OF VIOLATION 834AM. 100%,117YKK,063 NO STOPPING STANDING OR PARKING,24P2000257,257
02/13/2024 09:10 AM,WAUKESHA ST,TIME OF VIOLATION 839AM. 100%,891YFH,063 NO STOPPING STANDING OR PARKING,24P2000258,258
02/13/2024 09:12 AM,WAUKESHA ST,TIME OF VIOLATION 842AM. 100%,202UYM,063 NO STOPPING STANDING OR PARKING,24P2000259,259
02/13/2024 09:14 AM,WAUKESHA ST,TIME OF VIOLATION 845AM. 100%,NURTUR,063 NO STOPPING STANDING OR PARKING,24P2000260,260
02/13/2024 09:15 AM,WAUKESHA ST,TIME OF VIOLATION 845AM. 100%,ADR9260,063 NO STOPPING STANDING OR PARKING,24P2000261,261
02/13/2024 11:56 AM,CIMARRON TRL,"LIC PLATES NOT DISPLAYED,VEH NOT REGISTERED",Not Found,050 UNREG.VEH/IMPROPER DISPLAY,24P2000262,262
02/13/2024 01:27 PM,KESWICK CT,PARKED NEXT TO VISIBLE HYDRANT,AFW6319,071 LESS THAN 10' OF FIRE HYDRANT,24P2000263,263
02/14/2024 07:19 AM,MORRAINE VIEW DR,NO PARKING 7A-430P ON SCHOOL DAYS.100%,AUG5551,157 SCHOOL ZONE SPECIFIED TIMES,24P2000264,264
02/14/2024 07:21 AM,MORRAINE VIEW DR,NO PARKING 7A-430P ON SCHOOL DAYS.95%,AVW5907,157 SCHOOL ZONE SPECIFIED TIMES,24P2000265,265
02/14/2024 09:04 AM,RUSSETT RD,TIME OF VIOLATION 814AM. 100%,564YPB,104 NO STOP/STAND/PARK SCHOOL ZONE 7:30A-4:30P,24P2000266,266
02/14/2024 09:06 AM,RUSSETT RD,TIME OF VIOLATION 822AM. 100%,AFL1417,104 NO STOP/STAND/PARK SCHOOL ZONE 7:30A-4:30P,24P2000267,267
02/14/2024 09:08 AM,RUSSETT RD,TIME OF VIOLATION 822AM. 100%,TG2564,104 NO STOP/STAND/PARK SCHOOL ZONE 7:30A-4:30P,24P2000268,268
02/14/2024 09:10 AM,RUSSETT RD,TIME OF VIOLATION 824AM. 100%,ASL7323,104 NO STOP/STAND/PARK SCHOOL ZONE 7:30A-4:30P,24P2000269,269
02/14/2024 09:12 AM,RUSSETT RD,TIME OF VIOLATION 827AM. BUSES ONLY.100%,417ZUV,063 NO STOPPING STANDING OR PARKING,24P2000270,270
02/14/2024 09:14 AM,RUSSETT RD,TIME OF VIOLATION 828AM.100%,102VWH,104 NO STOP/STAND/PARK SCHOOL ZONE 7:30A-4:30P,24P2000271,271
02/14/2024 09:17 AM,RUSSETT RD,TIME OF VIOLATION 830AM.100%,AKM8359,104 NO STOP/STAND/PARK SCHOOL ZONE 7:30A-4:30P,24P2000272,272
02/14/2024 09:19 AM,RUSSETT RD,TIME OF VIOLATION 830AM.100%,417NEN,104 NO STOP/STAND/PARK SCHOOL ZONE 7:30A-4:30P,24P2000273,273
02/14/2024 09:23 AM,RUSSETT RD,TIME OF VIOLATION 831AM.100%,AGJ9578,104 NO STOP/STAND/PARK SCHOOL ZONE 7:30A-4:30P,24P2000274,274
02/14/2024 09:25 AM,RUSSETT RD,TIME OF VIOLATION 832AM.BUSES ONLY.100%,AMA9113,063 NO STOPPING STANDING OR PARKING,24P2000275,275
02/14/2024 09:26 AM,RUSSETT RD,TIME OF VIOLATION 833AM.BUSES ONLY.100%,401VWZ,063 NO STOPPING STANDING OR PARKING,24P2000276,276
02/14/2024 09:28 AM,RUSSETT RD,TIME OF VIOLATION 836AM.BUSES ONLY.100%,336PBF,063 NO STOPPING STANDING OR PARKING,24P2000277,277
02/14/2024 09:29 AM,RUSSETT RD,TIME OF VIOLATION 837AM.BUSES ONLY.100%,AFX4692,063 NO STOPPING STANDING OR PARKING,24P2000278,278
02/14/2024 09:32 AM,RUSSETT RD,TIME OF VIOLATION 841AM.100%,ARB3628,104 NO STOP/STAND/PARK SCHOOL ZONE 7:30A-4:30P,24P2000279,279
02/14/2024 09:35 AM,RUSSETT RD,TIME OF VIOLATION 842AM. BUSES ONLY.100%,101218B,063 NO STOPPING STANDING OR PARKING,24P2000280,280
02/14/2024 11:07 AM,FARMINGTON WAY,LIC PLATES EXPIRED 10/23,AMX9108,050 UNREG.VEH/IMPROPER DISPLAY,24P2000281,281
02/14/2024 12:53 PM,STARR GRASS DR,PARKED NEXT TO VISIBLE HYDRANT. X8033,770MLX,071 LESS THAN 10' OF FIRE HYDRANT,24P2000282,282
02/14/2024 01:47 PM,SWEET WILLOW PASS,CHALKED/NOTED 2/12/24 140PM,AHJ8677,TOW TOW FEE,24P2000283,283
02/14/2024 01:47 PM,SWEET WILLOW PASS,CHALKED/NOTED 2/12/24 140PM,AHJ8677,036 ABANDONMENT 48 HRS-PUB/PRIV,24P2000284,284
02/15/2024 11:16 AM,HAMMERSLEY RD,LIC PLATES EXPIRED 7/19,FK5111,050 UNREG.VEH/IMPROPER DISPLAY,24P2000285,285
02/15/2024 01:38 PM,TREE LN,OVER 4 FEET INTO VISIBLE DRIVE AT BELLA VISTA DR,AJF3247,072 LESS 4' OF DRIVEWAY/ALLEY/PRVT DRIVE,24P2000286,286
02/16/2024 08:18 AM,SCHROEDER RD,CHALKED/NOTED 2/13/24 405PM,AVS3480,TOW TOW FEE,24P2000287,287
02/16/2024 08:18 AM,SCHROEDER RD,CHALKED/NOTED 2/13/24 405PM,AVS3480,036 ABANDONMENT 48 HRS-PUB/PRIV,24P2000288,288
02/16/2024 11:35 AM,FARMINGTON WAY,CHALKED/NOTED 2/14/24 1100AM,AMX9108,TOW TOW FEE,24P2000289,289
02/16/2024 11:35 AM,FARMINGTON WAY,CHALKED/NOTED 2/14/24 1100AM,AMX9108,036 ABANDONMENT 48 HRS-PUB/PRIV,24P2000290,290
02/19/2024 08:09 AM,MORRAINE VIEW DR,NO PARKING 7A-430P ON SCHOOL DAYS. 100 %,TY6299,157 SCHOOL ZONE SPECIFIED TIMES,24P2000291,291
02/19/2024 08:11 AM,MORRAINE VIEW DR,NO PARKING 7A-430P ON SCHOOL DAYS. 100 %,ASY4434,157 SCHOOL ZONE SPECIFIED TIMES,24P2000292,292
02/19/2024 08:13 AM,MORRAINE VIEW DR,NO PARKING 7A-430P ON SCHOOL DAYS. 65 %,AVU9896,157 SCHOOL ZONE SPECIFIED TIMES,24P2000293,293
02/20/2024 09:54 AM,PARK EDGE DR,PARKED NEXT TO VISIBLE HYDRANT,AVC7197,147 PARKED WITHIN (4) FEET OF A MAILBOX,24P2000294,294
02/20/2024 10:06 AM,PARK EDGE DR,LIC PLATES EXPIRED 10/23,AND9374,050 UNREG.VEH/IMPROPER DISPLAY,24P2000295,295
02/20/2024 10:11 AM,PARK EDGE DR,PARKED NEXT TO VISIBLE MAILBOX,AVC7197,147 PARKED WITHIN (4) FEET OF A MAILBOX,24P2000296,296
02/20/2024 11:17 AM,HAMMERSLEY RD,CHALKED/NOTED 2/15/24 1110AM,FK5111,TOW TOW FEE,24P2000297,297
02/20/2024 11:17 AM,HAMMERSLEY RD,CHALKED/NOTED 2/15/24 1110AM,FK5111,036 ABANDONMENT 48 HRS-PUB/PRIV,24P2000298,298
02/21/2024 09:55 AM,ATTICUS WAY,REAR OF VEH 6 INCHES INTO DISABLED STALL,UD6071,W016 WARNING - DISABLED PARKING VIOLATION,24P2000299,299
02/21/2024 10:35 AM,HIGH POINT RD,CHALKED 2/19/24 917AM,CC7V820,004 STREET STORAGE(48 HR LIMIT),24P2000300,300
02/21/2024 12:40 PM,RAYMOND RD,LIC PLATES EXPIRED 2/20,826YLF,050 UNREG.VEH/IMPROPER DISPLAY,24P2000301,301
02/21/2024 12:47 PM,RAYMOND RD,LIC PLATES EXPIRED 2/23,398UUK,050 UNREG.VEH/IMPROPER DISPLAY,24P2000302,302
02/22/2024 08:07 AM,ROSA RD,NSSP 7A-430P. TIME OF VIOLATION 715A. X21,TR6513,156 NO STOP/STAND/PARK SCHOOL ZONE SPECIFIED TIMES,24P2000303,303
02/22/2024 08:09 AM,ROSA RD,NSSP 7A-430P. TIME OF VIOLATION 715A. X21,865WVX,156 NO STOP/STAND/PARK SCHOOL ZONE SPECIFIED TIMES,24P2000304,304
02/22/2024 08:14 AM,ROSA RD,NSSP 7A-430P. TIME OF VIOLATION 717A. X21,PTX7690,156 NO STOP/STAND/PARK SCHOOL ZONE SPECIFIED TIMES,24P2000305,305
02/22/2024 08:16 AM,ROSA RD,NSSP 7A-430P. TIME OF VIOLATION 720A. X21,AHY1883,156 NO STOP/STAND/PARK SCHOOL ZONE SPECIFIED TIMES,24P2000306,306
02/22/2024 08:17 AM,ROSA RD,NSSP 7A-430P. TIME OF VIOLATION 728A. X21,606VWZ,156 NO STOP/STAND/PARK SCHOOL ZONE SPECIFIED TIMES,24P2000307,307
02/22/2024 08:19 AM,ROSA RD,NSSP 7A-430P. TIME OF VIOLATION 728A. X21,ARV2998,156 NO STOP/STAND/PARK SCHOOL ZONE SPECIFIED TIMES,24P2000308,308
02/22/2024 08:21 AM,ROSA RD,NSSP 7A-430P. TIME OF VIOLATION 730A. X21,AAH2480,156 NO STOP/STAND/PARK SCHOOL ZONE SPECIFIED TIMES,24P2000309,309
02/22/2024 08:24 AM,ROSA RD,NSSP 7A-430P. TIME OF VIOLATION 734A.,465WGL,156 NO STOP/STAND/PARK SCHOOL ZONE SPECIFIED TIMES,24P2000310,310
02/22/2024 08:26 AM,ROSA RD,NSSP 7A-430P. TIME OF VIOLATION 738A. X21,ADN1911,156 NO STOP/STAND/PARK SCHOOL ZONE SPECIFIED TIMES,24P2000311,311
02/22/2024 08:28 AM,ROSA RD,NSSP 7A-430P. TIME OF VIOLATION 738A.,131LGP,156 NO STOP/STAND/PARK SCHOOL ZONE SPECIFIED TIMES,24P2000312,312
02/22/2024 08:30 AM,ROSA RD,NSSP 7A-430P. TIME OF VIOLATION 740A. X21,SL5573,156 NO STOP/STAND/PARK SCHOOL ZONE SPECIFIED TIMES,24P2000313,313
02/22/2024 08:32 AM,ROSA RD,NSSP 7A-430P. TIME OF VIOLATION 741A. X21,AMN6433,156 NO STOP/STAND/PARK SCHOOL ZONE SPECIFIED TIMES,24P2000314,314
02/22/2024 10:23 AM,MORRAINE VIEW DR,"LIC PLATES NOT DISPLAYED, VEH NOT REGISTERED THRU DOT",Not Found,050 UNREG.VEH/IMPROPER DISPLAY,24P2000315,315
02/22/2024 11:10 AM,HAMMERSLEY RD,CHALKED 2/20/24 1104AM,UB7548,004 STREET STORAGE(48 HR LIMIT),24P2000316,316
02/22/2024 01:19 PM,SILICON PRAIRIE PKWY,CHALKED 2/20/24 825AM,Z540384,004 STREET STORAGE(48 HR LIMIT),24P2000317,317
02/23/2024 07:19 AM,LAURIE DR,80% BLOCKING SIDEWALK,AVS3633,W058 WARNING - NO STOP/STAND/PARK ON SIDEWALK,24P2000318,318
02/23/2024 07:22 AM,LAURIE DR,50% BLOCKING SIDEWALK,DG71652,W058 WARNING - NO STOP/STAND/PARK ON SIDEWALK,24P2000319,319
02/23/2024 07:24 AM,LAURIE DR,30% BLOCKING SIDEWALK,893YJR,W058 WARNING - NO STOP/STAND/PARK ON SIDEWALK,24P2000320,320
02/23/2024 09:31 AM,INTEGRITY DR,NO PARKING PRIVATE PROPERTY,AUB6723,083 POSTED PRIVATE OR PUBLIC PROPERTY,24P2000321,321
02/23/2024 09:34 AM,INTEGRITY DR,NO PARKING PRIVATE PROPERTY,AUY1705,083 POSTED PRIVATE OR PUBLIC PROPERTY,24P2000322,322
02/23/2024 09:35 AM,INTEGRITY DR,NO PARKING PRIVATE PROPERTY,AVC6481,083 POSTED PRIVATE OR PUBLIC PROPERTY,24P2000323,323
02/23/2024 09:35 AM,INTEGRITY DR,NO PARKING PRIVATE PROPERTY,TX5832,083 POSTED PRIVATE OR PUBLIC PROPERTY,24P2000324,324
02/23/2024 09:38 AM,GAMMON RD,NO PARKING PRIVATE PROPERTY,AWP1295,083 POSTED PRIVATE OR PUBLIC PROPERTY,24P2000325,325
02/23/2024 09:40 AM,GAMMON RD,NO PARKING PRIVATE PROPERTY,AHE9111,083 POSTED PRIVATE OR PUBLIC PROPERTY,24P2000326,326
02/23/2024 09:41 AM,GAMMON RD,NO PARKING PRIVATE PROPERTY,AUF5909,083 POSTED PRIVATE OR PUBLIC PROPERTY,24P2000327,327
02/23/2024 10:46 AM,JUNCTION RD,515 CUSTOMER PARKING ONLY,AVV5659,083 POSTED PRIVATE OR PUBLIC PROPERTY,24P2000328,328
02/23/2024 11:03 AM,HIGH POINT RD,CHALKED 2/19/24 917AM,CC7V820,TOW TOW FEE,24P2000329,329
02/23/2024 11:03 AM,HIGH POINT RD,CHALKED 2/19/24 917AM,CC7V820,036 ABANDONMENT 48 HRS-PUB/PRIV,24P2000330,330
02/23/2024 11:57 AM,MIDVALE BLVD,16 - EXPIRED DIS PERMIT. EXP 2/20,ADD9451,016 DISABLED PARKING VIOLATION,24P2000331,331
02/23/2024 02:09 PM,ALLIED DR,PARKED IN DRIVE BLOCKING VEHICLES IN,ASH8410,023 PRIV. DRIVEWAY/UNIMPROVED YARD,24P2000332,332
02/26/2024 07:52 AM,MORRAINE VIEW DR,LIC PLATES EXPIRED 6/23,APA1785,050 UNREG.VEH/IMPROPER DISPLAY,24P2000333,333
02/26/2024 08:07 AM,MORRAINE VIEW DR,CHALKED/NOTED 2/22/24 1015AM,Not Found,TOW TOW FEE,24P2000334,334
02/26/2024 08:07 AM,MORRAINE VIEW DR,CHALKED/NOTED 2/22/24 1015AM,Not Found,036 ABANDONMENT 48 HRS-PUB/PRIV,24P2000335,335
02/26/2024 08:14 AM,MORRAINE VIEW DR,CHALKED/NOTED 2/22/24 1015AM,Not Found,036 ABANDONMENT 48 HRS-PUB/PRIV,24P2000336,336
02/26/2024 08:15 AM,MORRAINE VIEW DR,CHALKED/NOTED 2/22/24 1015AM,Not Found,TOW TOW FEE,24P2000337,337
02/26/2024 08:24 AM,MORRAINE VIEW DR,NO PARKING 7A-430P ON SCHOOL DAYS. 100%,ACU4130,157 SCHOOL ZONE SPECIFIED TIMES,24P2000338,338
02/26/2024 01:11 PM,SILKWOOD TRL,3 FEET FROM VISIBLE ALLEY,945XJH,W072 WARNING - LESS 4' OF DRIVEWAY/ALLEY/PRVT DRIVE,24P2000339,339
02/27/2024 07:56 AM,PRAIRIE RD,NSSP 7A-430P. TIME OF VIOLATION 711AM,AUC1197,156 NO STOP/STAND/PARK SCHOOL ZONE SPECIFIED TIMES,24P2000340,340
02/27/2024 07:59 AM,PRAIRIE RD,NSSP 7A-430P. TIME OF VIOLATION 727AM,AMG9258,156 NO STOP/STAND/PARK SCHOOL ZONE SPECIFIED TIMES,24P2000341,341
02/27/2024 08:01 AM,PRAIRIE RD,NSSP 7A-430P. TIME OF VIOLATION 728AM,ARK8706,156 NO STOP/STAND/PARK SCHOOL ZONE SPECIFIED TIMES,24P2000342,342
02/27/2024 08:03 AM,PRAIRIE RD,NSSP 7A-430P. TIME OF VIOLATION 728AM,755ZKX,156 NO STOP/STAND/PARK SCHOOL ZONE SPECIFIED TIMES,24P2000343,343
02/27/2024 08:05 AM,PRAIRIE RD,NSSP 7A-430P. TIME OF VIOLATION 731AM,385ZDE,156 NO STOP/STAND/PARK SCHOOL ZONE SPECIFIED TIMES,24P2000344,344
02/27/2024 08:07 AM,PRAIRIE RD,NSSP 7A-430P. TIME OF VIOLATION 733AM,396WZZ,156 NO STOP/STAND/PARK SCHOOL ZONE SPECIFIED TIMES,24P2000345,345
02/27/2024 08:09 AM,PRAIRIE RD,NSSP 7A-430P. TIME OF VIOLATION 734AM,44635E,156 NO STOP/STAND/PARK SCHOOL ZONE SPECIFIED TIMES,24P2000346,346
02/27/2024 08:12 AM,PRAIRIE RD,NSSP 7A-430P. TIME OF VIOLATION 735AM,ARX9192,156 NO STOP/STAND/PARK SCHOOL ZONE SPECIFIED TIMES,24P2000347,347
02/27/2024 08:14 AM,PRAIRIE RD,NSSP 7A-430P. TIME OF VIOLATION 735AM,AUV2455,156 NO STOP/STAND/PARK SCHOOL ZONE SPECIFIED TIMES,24P2000348,348
02/27/2024 08:37 AM,MORRAINE VIEW DR,NO PARKING 7A-430P ON SCHOOL DAYS. 100%,AWU1497,157 SCHOOL ZONE SPECIFIED TIMES,24P2000349,349
02/27/2024 01:33 PM,MCKENNA BLVD,LIC PLATES EXPIRED 2/23,ALJ7694,050 UNREG.VEH/IMPROPER DISPLAY,24P2000350,350
02/28/2024 07:24 AM,MORRAINE VIEW DR,NO PARKING 7A-430P ON SCHOOL DAYS. 100 %,QUEENZ,157 SCHOOL ZONE SPECIFIED TIMES,24P2000351,351
02/28/2024 10:16 AM,REGENT ST,6 INCHES INTO VISIBLE DRIVE,ANZ7930,072 LESS 4' OF DRIVEWAY/ALLEY/PRVT DRIVE,24P2000352,352
02/28/2024 01:25 PM,MONTICELLO WAY,DROP OFF PICK UP ONLY WHILE VEH ATTENDED 730A-430P SCH.DAYS,61X489,075 RESTRICTED BY SIGNS,24P2000353,353
02/29/2024 07:15 AM,MORRAINE VIEW DR,NO PARKING 7A-430P SCHOOL DAYS.80% IN VIOLATION,AKL9967,157 SCHOOL ZONE SPECIFIED TIMES,24P2000354,354
02/29/2024 07:17 AM,MORRAINE VIEW DR,NO PARKING 7A-430P SCHOOL DAYS.100% IN VIOLATION,ALP3552,157 SCHOOL ZONE SPECIFIED TIMES,24P2000355,355
02/29/2024 01:03 PM,THRUSH LN,TEMP PLATE EXP. 3/20,002416552,050 UNREG.VEH/IMPROPER DISPLAY,24P2000356,356
02/29/2024 01:42 PM,MCKENNA BLVD,CHALKED/NOTED 2/27/24 130PM,ALJ7694,TOW TOW FEE,24P2000357,357
02/29/2024 01:42 PM,MCKENNA BLVD,CHALKED/NOTED 2/27/24 130PM,ALJ7694,036 ABANDONMENT 48 HRS-PUB/PRIV,24P2000358,358
03/01/2024 07:27 AM,MORRAINE VIEW DR,NO PARKING 7A-430P ON SCHOOL DAYS. 100 %,AJS2350,157 SCHOOL ZONE SPECIFIED TIMES,24P2000359,359
03/01/2024 07:31 AM,MORRAINE VIEW DR,NO PARKING 7A-430P ON SCHOOL DAYS. 100 %,V6428D,157 SCHOOL ZONE SPECIFIED TIMES,24P2000360,360
03/01/2024 08:46 AM,WOODINGTON WAY,TIME OF VIOLATION 808AM.100% IN VIOLATION,438ZAM,063 NO STOPPING STANDING OR PARKING,24P2000361,361
03/01/2024 08:49 AM,WOODINGTON WAY,TIME OF VIOLATION 811AM.100% IN VIOLATION,ASL5635,063 NO STOPPING STANDING OR PARKING,24P2000362,362
03/01/2024 08:51 AM,WOODINGTON WAY,TIME OF VIOLATION 822AM.100% IN VIOLATION,AHE7530,063 NO STOPPING STANDING OR PARKING,24P2000363,363
03/01/2024 08:55 AM,WOODINGTON WAY,TIME OF VIOLATION 831AM.100% IN VIOLATION,AUP6417,063 NO STOPPING STANDING OR PARKING,24P2000364,364
03/01/2024 08:58 AM,WOODINGTON WAY,TIME OF VIOLATION 832AM.95% IN VIOLATION,ASM1446,063 NO STOPPING STANDING OR PARKING,24P2000365,365
03/01/2024 09:01 AM,WOODINGTON WAY,TIME OF VIOLATION 834AM.100% IN VIOLATION,AVV5683,063 NO STOPPING STANDING OR PARKING,24P2000366,366
03/01/2024 09:04 AM,WOODINGTON WAY,TIME OF VIOLATION 836AM.100% IN VIOLATION,AFC3833,063 NO STOPPING STANDING OR PARKING,24P2000367,367
03/01/2024 09:06 AM,WOODINGTON WAY,TIME OF VIOLATION 839AM.100% IN VIOLATION,ATF2585,063 NO STOPPING STANDING OR PARKING,24P2000368,368
03/01/2024 09:07 AM,WOODINGTON WAY,TIME OF VIOLATION 840AM.100% IN VIOLATION,AVV9051,063 NO STOPPING STANDING OR PARKING,24P2000369,369
03/01/2024 09:31 AM,GAMMON RD,NO PARKING PRIVATE PROPERTY,AVC7444,083 POSTED PRIVATE OR PUBLIC PROPERTY,24P2000370,370
03/01/2024 09:33 AM,GAMMON RD,NO PARKING PRIVATE PROPERTY,ATP6517,083 POSTED PRIVATE OR PUBLIC PROPERTY,24P2000371,371
03/01/2024 09:36 AM,INTEGRITY DR,NO PARKING PRIVATE PROPERTY,AUB6723,083 POSTED PRIVATE OR PUBLIC PROPERTY,24P2000372,372
03/01/2024 09:37 AM,INTEGRITY DR,NO PARKING PRIVATE PROPERTY,342WAD,083 POSTED PRIVATE OR PUBLIC PROPERTY,24P2000373,373
03/01/2024 09:39 AM,INTEGRITY DR,NO PARKING PRIVATE PROPERTY,KATANGA,083 POSTED PRIVATE OR PUBLIC PROPERTY,24P2000374,374
03/01/2024 11:05 AM,GAMMON RD,PARKING BY PERMIT ONLY,ATB4206,020 UNAUTHORIZED PARKING-SCHOOL,24P2000375,375
03/01/2024 11:07 AM,GAMMON RD,PARKING BY PERMIT ONLY,AVM3237,020 UNAUTHORIZED PARKING-SCHOOL,24P2000376,376
03/01/2024 11:09 AM,GAMMON RD,PARKING BY PERMIT ONLY,APK6448,020 UNAUTHORIZED PARKING-SCHOOL,24P2000377,377
03/01/2024 11:09 AM,GAMMON RD,PARKING BY PERMIT ONLY,ANG9665,020 UNAUTHORIZED PARKING-SCHOOL,24P2000378,378
03/01/2024 11:11 AM,GAMMON RD,PARKING BY PERMIT ONLY,AFT2422,020 UNAUTHORIZED PARKING-SCHOOL,24P2000379,379
03/01/2024 11:13 AM,GAMMON RD,PARKING BY PERMIT ONLY,181YRA,020 UNAUTHORIZED PARKING-SCHOOL,24P2000380,380
03/01/2024 11:13 AM,GAMMON RD,PARKING BY PERMIT ONLY,APL6477,020 UNAUTHORIZED PARKING-SCHOOL,24P2000381,381
03/01/2024 11:15 AM,GAMMON RD,PARKING BY PERMIT ONLY,APS4381,020 UNAUTHORIZED PARKING-SCHOOL,24P2000382,382
03/01/2024 11:19 AM,GAMMON RD,PARKING BY PERMIT ONLY,ASC4209,020 UNAUTHORIZED PARKING-SCHOOL,24P2000383,383
03/01/2024 12:24 PM,MASON ST,CHALKED/NOTED 2/27/24 1010PM,694UMT,004 STREET STORAGE(48 HR LIMIT),24P2000384,384
03/01/2024 01:16 PM,HAMMERSLEY RD,PARKED NEXT TO VISIBLE HYDRANT.X4612,275LRS,071 LESS THAN 10' OF FIRE HYDRANT,24P2000385,385
03/05/2024 10:30 AM,ATTICUS WAY,16 - NO DIS PERMIT VISIBLE IN VEH,ACE1748,016 DISABLED PARKING VIOLATION,24P2000386,386
03/06/2024 08:38 AM,ALLIED DR,NO PARKING HERE TO DRIVEWAY. 98% IN VIOLATION,AVF8924,075 RESTRICTED BY SIGNS,24P2000387,387
03/06/2024 08:40 AM,ALLIED DR,NO PARKING HERE TO DRIVEWAY. 80% IN VIOLATION,857LWK,075 RESTRICTED BY SIGNS,24P2000388,388
03/06/2024 08:46 AM,ALLIED DR,NO PARKING,AUB1169,083 POSTED PRIVATE OR PUBLIC PROPERTY,24P2000389,389
03/06/2024 08:49 AM,ALLIED DR,NO PARKING,63B569A,083 POSTED PRIVATE OR PUBLIC PROPERTY,24P2000390,390
03/06/2024 08:52 AM,ALLIED DR,PARKING BY PERMIT ONLY,AVL7164,083 POSTED PRIVATE OR PUBLIC PROPERTY,24P2000391,391
03/06/2024 08:57 AM,ALLIED DR,NO PARKING,W8608T,083 POSTED PRIVATE OR PUBLIC PROPERTY,24P2000392,392
03/07/2024 07:27 AM,MORRAINE VIEW DR,NO PARKING 7A-430P ON SCHOOL DAYS.100%,ABW5952,157 SCHOOL ZONE SPECIFIED TIMES,24P2000393,393
03/07/2024 08:50 AM,PARK EDGE DR,100% IN VIOLATION,TX1815,046 NO PARKING ANYTIME,24P2000394,394
03/08/2024 09:17 AM,GLENWAY ST,1.5 FEET INTO VISIBLE DRIVE,218ZWY,TOW TOW FEE,24P2000395,395
03/08/2024 09:17 AM,GLENWAY ST,1.5 FEET INTO VISIBLE DRIVE,218ZWY,072 LESS 4' OF DRIVEWAY/ALLEY/PRVT DRIVE,24P2000396,396
03/11/2024 08:24 AM,BETTYS LN,"VEH OVER 2.5 FEET FROM CURB, AGAINST TRAFFIC",AVS3512,077 VEHICLE OVER 12 in FROM CURB,24P2000397,397
03/11/2024 08:28 AM,BETTYS LN,"VEH OVER 2.5 FEET FROM CURB, AGAINST TRAFFIC",AVS3512,TOW TOW FEE,24P2000398,398
03/11/2024 08:28 AM,BETTYS LN,"VEH OVER 2.5 FEET FROM CURB, AGAINST TRAFFIC",AVS3512,077 VEHICLE OVER 12 in FROM CURB,24P2000399,399
03/11/2024 01:44 PM,KESWICK DR,PARKED NEXT TO VISIBLE HYDRANT,ATW5909,071 LESS THAN 10' OF FIRE HYDRANT,24P2000400,400
03/12/2024 07:56 AM,POST RD,TIME OF VIOLATION 724AM.,AWE4276,063 NO STOPPING STANDING OR PARKING,24P2000401,401
03/12/2024 08:01 AM,POST RD,TIME OF VIOLATION 740AM. NSSP BUS LOADING ONLY,AVZ6767,063 NO STOPPING STANDING OR PARKING,24P2000402,402
03/12/2024 08:09 AM,POST RD,TIME OF VIOLATION 740AM.DROPPED OFF CHILD IN TRAFFIC LANE,DJ51045,060 NO DOUBLE PARKING,24P2000403,403
03/12/2024 09:20 AM,MUIR FIELD RD,"LIC PLATES NOT DISPLAYED, VEH NOT REGISTERED",Not Found,050 UNREG.VEH/IMPROPER DISPLAY,24P2000404,404
03/14/2024 11:26 AM,ELDERBERRY RD,OVER 5 FEET FROM CURB,Not Found,077 VEHICLE OVER 12 in FROM CURB,24P2000405,405
03/14/2024 12:52 PM,MORRAINE VIEW DR,NO PARKING 7A-430P ON SCHOOL DAYS.100%,AWR1854,157 SCHOOL ZONE SPECIFIED TIMES,24P2000406,406
03/15/2024 07:13 AM,BRINDLEY CIR,100% IN VIOLATION,LVL6564,080 AGAINST TRAFFIC-2 WAY STREET,24P2000407,407
03/15/2024 07:16 AM,PAGHAM DR,100% IN VIOLATION,AWU1843,080 AGAINST TRAFFIC-2 WAY STREET,24P2000408,408
03/15/2024 07:51 AM,MORRAINE VIEW DR,NO PARKING 7A-430P ON SCHOOL DAYS. 100%,V6428D,157 SCHOOL ZONE SPECIFIED TIMES,24P2000409,409
03/15/2024 07:57 AM,MORRAINE VIEW DR,"TEMP PLATE EXPIRED, NO VEH ASSOCIATED",V6428D,TOW TOW FEE,24P2000410,410
03/15/2024 07:57 AM,MORRAINE VIEW DR,"TEMP PLATE EXPIRED, NO VEH ASSOCIATED",V6428D,050 UNREG.VEH/IMPROPER DISPLAY,24P2000411,411
03/15/2024 10:24 AM,FAIRHAVEN RD,LIC PLATES EXPIRED 1/23,APB2624,050 UNREG.VEH/IMPROPER DISPLAY,24P2000412,412
03/16/2024 06:58 AM,RANDALL AVE,NO PARKING BETWEEN SIGNS W/ARROW(S).100%,ANC9998,075 RESTRICTED BY SIGNS,24P2000413,413
03/16/2024 07:13 AM,MILLS ST,NO PARKING 7A-6P. 100 %,ANK3987,047 NO PARKING SPECIFIED TIMES,24P2000414,414
03/16/2024 07:27 AM,WILSON ST,NO PARKING HERE TO CORNER W/ARROW.100 %,ATD1929,075 RESTRICTED BY SIGNS,24P2000415,415
03/16/2024 12:13 PM,WEST LAWN AVE,NO PARKING CORNER TO DRIVEWAY. 100 %,999WZB,075 RESTRICTED BY SIGNS,24P2000416,416
03/16/2024 01:55 PM,PARK ST,16 - NO DIS PERMIT VISIBLE IN VEH,ACT0N,016 DISABLED PARKING VIOLATION,24P2000417,417
03/26/2024 01:16 PM,MUIR FIELD RD,NO PARKING HERE TO DRIVEWAY.100%,PXP8641,075 RESTRICTED BY SIGNS,24P2000418,418
03/26/2024 01:28 PM,MORRAINE VIEW DR,PARKED NEXT TO VISIBLE MAILBOX,W1746X,147 PARKED WITHIN (4) FEET OF A MAILBOX,24P2000419,419
03/27/2024 08:55 AM,MIDVALE BLVD,CHALKED/NOTED 3/25/24 845AM,ARY4165,004 STREET STORAGE(48 HR LIMIT),24P2000420,420
03/27/2024 09:06 AM,HERITAGE CIR,CHALKED/NOTED 3/25/24 855AM,YUG134,004 STREET STORAGE(48 HR LIMIT),24P2000421,421
03/27/2024 09:28 AM,PRICE PL,CHALKED/NOTED 3/25/24 920AM,M1680,004 STREET STORAGE(48 HR LIMIT),24P2000422,422
03/27/2024 09:55 AM,HIGH POINT RD,CHALKED/NOTED 3/25/24 940AM,ARP6981,004 STREET STORAGE(48 HR LIMIT),24P2000423,423
03/27/2024 02:01 PM,VAN BUREN ST,NO PARKING 8A-6P. 100 %,542VLF,047 NO PARKING SPECIFIED TIMES,24P2000424,424
03/28/2024 07:27 AM,KENDALL AVE,6 INCHES FROM VISIBLE DRIVE,798NAQ,W072 WARNING - LESS 4' OF DRIVEWAY/ALLEY/PRVT DRIVE,24P2000425,425
03/28/2024 08:07 AM,NAUTILUS DR,90% BLOCKING VISIBLE CROSSWALK,404WWF,057 NO STOP/STAND/PARK ON CROSSWALK,24P2000426,426
03/28/2024 09:38 AM,DONCASTER DR,CHALKED/NOTED 3/26/24 915AM,ARE3448,004 STREET STORAGE(48 HR LIMIT),24P2000427,427
03/29/2024 09:50 AM,HERITAGE CIR,CHALKED/NOTED 3/25/24 855AM,YUG134,TOW TOW FEE,24P2000428,428
03/29/2024 09:50 AM,HERITAGE CIR,CHALKED/NOTED 3/25/24 855AM,YUG134,036 ABANDONMENT 48 HRS-PUB/PRIV,24P2000429,429
03/29/2024 12:36 PM,OLD MIDDLETON RD,100% IN VIOLATION,GD6023,046 NO PARKING ANYTIME,24P2000430,430
04/01/2024 07:40 AM,STRUCK ST,CHALKED/NOTED 3/28/24 1155AM,Not Found,004 STREET STORAGE(48 HR LIMIT),24P2000431,431
04/01/2024 07:52 AM,MORRAINE VIEW DR,NO PARKING 7AM-430PM ON SCHOOL DAYS. 100 %,AVW5907,157 SCHOOL ZONE SPECIFIED TIMES,24P2000432,432
04/01/2024 12:20 PM,MORRAINE VIEW DR,PARKED NEXT TO VISIBLE MAILBOX,ATB4187,147 PARKED WITHIN (4) FEET OF A MAILBOX,24P2000433,433
04/02/2024 07:09 AM,MUIR FIELD RD,NO PARKING BETWEEN DRIVEWAYS. 100%,AUB2456,075 RESTRICTED BY SIGNS,24P2000434,434
04/02/2024 09:43 AM,ORCHARD ST,1 FOOT INTO VISIBLE DRIVE,ARJ1190,072 LESS 4' OF DRIVEWAY/ALLEY/PRVT DRIVE,24P2000435,435
04/02/2024 11:20 AM,REGENT ST,RESERVED PARKING GREENBUSH BAKERY CUSTOMERS ONLY,AVF8532,083 POSTED PRIVATE OR PUBLIC PROPERTY,24P2000436,436
04/02/2024 12:48 PM,ASH ST,16 - NO DIS PERMIT VISIBLE IN VEH,ALZ1900,016 DISABLED PARKING VIOLATION,24P2000437,437
04/03/2024 07:57 AM,STRUCK ST,CHALKED/NOTED 3/28/24 1155AM,Not Found,TOW TOW FEE,24P2000438,438
04/03/2024 07:57 AM,STRUCK ST,CHALKED/NOTED 3/28/24 1155AM,Not Found,036 ABANDONMENT 48 HRS-PUB/PRIV,24P2000439,439
04/03/2024 09:22 AM,ALLIED DR,NO PARKING HERE TO DRIVEWAY.100%,AJS3923,075 RESTRICTED BY SIGNS,24P2000440,440
04/03/2024 09:38 AM,FLAD AVE,CHALKED 4/1/24 855AM,AWP1639,004 STREET STORAGE(48 HR LIMIT),24P2000441,441
04/03/2024 09:47 AM,FLAD AVE,CHALKED 4/1/24 855AM,AVL7873,004 STREET STORAGE(48 HR LIMIT),24P2000442,442
04/03/2024 10:35 AM,HOLLISTER AVE,PARKED 1 FOOT INTO VISIBLE DRIVE,626LCG,TOW TOW FEE,24P2000443,443
04/03/2024 10:35 AM,HOLLISTER AVE,PARKED 1 FOOT INTO VISIBLE DRIVE,626LCG,072 LESS 4' OF DRIVEWAY/ALLEY/PRVT DRIVE,24P2000444,444
04/03/2024 11:31 AM,LONGMEADOW RD,STEMMED 4/1/24 848AM,TZ1987,004 STREET STORAGE(48 HR LIMIT),24P2000445,445
04/03/2024 01:53 PM,BLUEBIRD CT,NO PARKING IN THIS CIRCLE.100 %,AST8514,W075 WARNING - RESTRICTED BY SIGNS,24P2000446,446
04/04/2024 08:05 AM,VILAS AVE,1 FOOT FROM VISIBLE DRIVE,AMY5842,072 LESS 4' OF DRIVEWAY/ALLEY/PRVT DRIVE,24P2000447,447
04/04/2024 08:26 AM,UNIVERSITY AVE,PARKING FOR CUSTOMERS IF LAKEPOINT COMMONS ONLY,AUD5153,083 POSTED PRIVATE OR PUBLIC PROPERTY,24P2000448,448
04/04/2024 08:28 AM,UNIVERSITY AVE,PARKING FOR CUSTOMERS IF LAKEPOINT COMMONS ONLY,572YEW,083 POSTED PRIVATE OR PUBLIC PROPERTY,24P2000449,449
04/04/2024 10:48 AM,CAMERON DR,CHALKED 4/1/24 430PM,Not Found,004 STREET STORAGE(48 HR LIMIT),24P2000450,450
04/04/2024 12:13 PM,PARK EDGE DR,100% IN VIOLATION,AUJ7484,046 NO PARKING ANYTIME,24P2000451,451
04/04/2024 12:15 PM,PARK EDGE DR,100% IN VIOLATION,AUJ7484,W046 WARNING - NO PARKING ANYTIME,24P2000452,452
04/04/2024 01:17 PM,RANDOLPH DR,CHALKED/NOTED 4/2/24 110PM,AAH6409,004 STREET STORAGE(48 HR LIMIT),24P2000453,453
04/05/2024 01:14 PM,RAYMOND RD,LIC PLATES NOT DISPLAYED,Not Found,050 UNREG.VEH/IMPROPER DISPLAY,24P2000454,454
04/05/2024 01:18 PM,RAYMOND RD,LIC PLATES NOT DISPLAYED,Not Found,050 UNREG.VEH/IMPROPER DISPLAY,24P2000455,455
04/08/2024 08:53 AM,RANDOLPH DR,LIC PLATES CANCELLED. VEH NOT REGISTERED THRU DOT,ASN6444,050 UNREG.VEH/IMPROPER DISPLAY,24P2000456,456
04/08/2024 11:07 AM,STARR GRASS DR,LIC PLATES EXPIRED 6/23,ARA7231,W050 WARNING - UNREG.VEH/IMPROPER DISPLAY,24P2000457,457
04/09/2024 08:59 AM,WAUKESHA ST,TIME OF VIOLATION 827AM. 100%,AHC5536,063 NO STOPPING STANDING OR PARKING,24P2000458,458
04/09/2024 09:01 AM,WAUKESHA ST,TIME OF VIOLATION 829AM. 100%,ATD3789,063 NO STOPPING STANDING OR PARKING,24P2000459,459
04/09/2024 09:03 AM,WAUKESHA ST,TIME OF VIOLATION 831AM. 100%,AHR3688,063 NO STOPPING STANDING OR PARKING,24P2000460,460
04/09/2024 09:05 AM,WAUKESHA ST,TIME OF VIOLATION 834AM. 100%,AKL3893,063 NO STOPPING STANDING OR PARKING,24P2000461,461
04/09/2024 09:08 AM,WAUKESHA ST,TIME OF VIOLATION 836AM. 100%,AEW2581,063 NO STOPPING STANDING OR PARKING,24P2000462,462
04/09/2024 09:10 AM,WAUKESHA ST,TIME OF VIOLATION 837AM. 100%,319WSJ,063 NO STOPPING STANDING OR PARKING,24P2000463,463
04/09/2024 09:12 AM,WAUKESHA ST,TIME OF VIOLATION 840AM. 100%,876UKD,063 NO STOPPING STANDING OR PARKING,24P2000464,464
04/09/2024 09:13 AM,WAUKESHA ST,TIME OF VIOLATION 843AM. 100%,408PXL,063 NO STOPPING STANDING OR PARKING,24P2000465,465
04/09/2024 09:15 AM,WAUKESHA ST,TIME OF VIOLATION 845AM. 100%,690ZKJ,063 NO STOPPING STANDING OR PARKING,24P2000466,466
04/09/2024 09:16 AM,WAUKESHA ST,TIME OF VIOLATION 847AM. 100%,APZ3892,063 NO STOPPING STANDING OR PARKING,24P2000467,467
04/10/2024 08:04 AM,PRAIRIE RD,TIME OF VIOLATION 727AM. NSSP 7AM-430PM.100%,ABW2030,156 NO STOP/STAND/PARK SCHOOL ZONE SPECIFIED TIMES,24P2000468,468
04/10/2024 08:06 AM,PRAIRIE RD,TIME OF VIOLATION 733AM. NSSP 7AM-430PM.100%,AMP1538,156 NO STOP/STAND/PARK SCHOOL ZONE SPECIFIED TIMES,24P2000469,469
04/10/2024 08:08 AM,PRAIRIE RD,TIME OF VIOLATION 741AM. NSSP 7AM-430PM.100%,AUR2709,156 NO STOP/STAND/PARK SCHOOL ZONE SPECIFIED TIMES,24P2000470,470
04/10/2024 08:09 AM,PRAIRIE RD,TIME OF VIOLATION 727AM. NSSP 7AM-430PM.100%,ABW2030,156 NO STOP/STAND/PARK SCHOOL ZONE SPECIFIED TIMES,24P2000471,471
04/10/2024 09:43 AM,PARK ST,16 - NO DIS PERMIT VISIBLE IN VEH,AML1286,016 DISABLED PARKING VIOLATION,24P2000472,472
04/10/2024 10:51 AM,PRAIRIE RD,LIC PLATES NOT DISPLAYED,Not Found,050 UNREG.VEH/IMPROPER DISPLAY,24P2000473,473
04/11/2024 08:52 AM,WOODINGTON WAY,TIME OF VIOLATION 817AM. 100 %,AHY1232,063 NO STOPPING STANDING OR PARKING,24P2000474,474
04/11/2024 08:55 AM,WOODINGTON WAY,TIME OF VIOLATION 832AM. 100 %,AAY2516,063 NO STOPPING STANDING OR PARKING,24P2000475,475
04/11/2024 08:57 AM,WOODINGTON WAY,TIME OF VIOLATION 834AM. 100 %,997XAK,063 NO STOPPING STANDING OR PARKING,24P2000476,476
04/11/2024 08:59 AM,WOODINGTON WAY,TIME OF VIOLATION 838AM.,ASM9730,063 NO STOPPING STANDING OR PARKING,24P2000477,477
04/11/2024 10:34 AM,FRISCH RD,CHALKED/NOTED 4/8/24 815PM,ARP9536,004 STREET STORAGE(48 HR LIMIT),24P2000478,478
04/11/2024 10:43 AM,HAMMERSLEY RD,80% IN VIOLATION,AGM6604,063 NO STOPPING STANDING OR PARKING,24P2000479,479
04/11/2024 10:54 AM,HAMMERSLEY RD,LIC PLATES EXPIRED 9/23,284WXU,050 UNREG.VEH/IMPROPER DISPLAY,24P2000480,480
04/11/2024 11:38 AM,MORRAINE VIEW DR,CHALKED 4/9/24 1120AM,AWH4277,004 STREET STORAGE(48 HR LIMIT),24P2000481,481
04/11/2024 11:57 AM,MORRAINE VIEW DR,CHALKED 4/9/24 1120AM,ATD1653,004 STREET STORAGE(48 HR LIMIT),24P2000482,482
04/11/2024 12:01 PM,MORRAINE VIEW DR,LIC PLATES EXPIRED 1/24,ATD1653,050 UNREG.VEH/IMPROPER DISPLAY,24P2000483,483
04/11/2024 01:05 PM,MAYO DR,100% IN VIOLATION,AN26588,080 AGAINST TRAFFIC-2 WAY STREET,24P2000484,484
04/12/2024 07:45 AM,UNIVERSITY AVE,PARKING FOR CUSTOMERS OF LAKEPOINT COMMONS ONLY,AMR6664,083 POSTED PRIVATE OR PUBLIC PROPERTY,24P2000485,485
04/12/2024 07:48 AM,UNIVERSITY AVE,PARKING FOR CUSTOMERS OF LAKEPOINT COMMONS ONLY,D5619LE,083 POSTED PRIVATE OR PUBLIC PROPERTY,24P2000486,486
04/12/2024 08:01 AM,BREESE TER,PRIVATE PARKING,366HPF,083 POSTED PRIVATE OR PUBLIC PROPERTY,24P2000487,487
04/12/2024 11:32 AM,REETZ RD,"LIC PLATES ON WRONG VEH, VEH NOT REGISTERED",V1023Y,050 UNREG.VEH/IMPROPER DISPLAY,24P2000488,488
04/12/2024 01:01 PM,HAMMERSLEY RD,98% IN VIOLATION,ART2117,046 NO PARKING ANYTIME,24P2000489,489
04/12/2024 01:55 PM,FREY ST,RESIDENT AND GUEST PARKING ONLY,AHK3321,083 POSTED PRIVATE OR PUBLIC PROPERTY,24P2000490,490
04/12/2024 01:57 PM,FREY ST,RESIDENT AND GUEST PARKING ONLY,ASM6707,083 POSTED PRIVATE OR PUBLIC PROPERTY,24P2000491,491
04/12/2024 01:57 PM,FREY ST,RESIDENT AND GUEST PARKING ONLY,AMW8896,083 POSTED PRIVATE OR PUBLIC PROPERTY,24P2000492,492
04/12/2024 01:58 PM,FREY ST,RESIDENT AND GUEST PARKING ONLY,ASG9910,083 POSTED PRIVATE OR PUBLIC PROPERTY,24P2000493,493
04/15/2024 08:05 AM,MORRAINE VIEW DR,PARKED NEXT TO VISIBLE HYDRANT,ARP9115,071 LESS THAN 10' OF FIRE HYDRANT,24P2000494,494
04/15/2024 08:48 AM,JAGGED PINE DR,LIC PLATES NOT DISPLAYED,Not Found,W050 WARNING - UNREG.VEH/IMPROPER DISPLAY,24P2000495,495
04/16/2024 07:09 AM,MUIR FIELD RD,NO PARKING HERE TO DRIVEWAY. 80 %,AHC2038,075 RESTRICTED BY SIGNS,24P2000496,496
04/16/2024 07:33 AM,FAIRHAVEN RD,"LIC PLATES NOT DISPLAYED, VEH NOT REGISTERED",Not Found,050 UNREG.VEH/IMPROPER DISPLAY,24P2000497,497
04/17/2024 07:23 AM,BROOKS ST,NO PARKING 4/17-4/19/24 7AM-6PM,AJJ8642,151 RESTRICTED BY TEMP POSTING/BAGGED METER,24P2000498,498
04/17/2024 08:56 AM,JAGGED PINE DR,CHALKED/NOTED 4/15/24 850AM,726RFS,004 STREET STORAGE(48 HR LIMIT),24P2000499,499
04/17/2024 09:04 AM,IVORY DOVE TR,100% IN VIOLATION,ATG5164,W080 WARNING - AGAINST TRAFFIC-2 WAY STREET,24P2000500,500
04/17/2024 11:06 AM,TOTTENHAM RD,"LIC PLATES NOT DISPLAYED, NOT CURRENTLY REGISTERED",Not Found,050 UNREG.VEH/IMPROPER DISPLAY,24P2000501,501
04/17/2024 12:09 PM,RUSSETT RD,"LIC PLATES EXPIRED 7/23, SUSPENDED",ARD3428,050 UNREG.VEH/IMPROPER DISPLAY,24P2000502,502
04/17/2024 12:14 PM,CAMERON DR,1.5 FEET FROM VISIBLE PAINTED CROSSWALK,AWP3279,074 LESS 15' OF CROSSWALK,24P2000503,503
04/18/2024 12:06 PM,VERONA RD,CHALKED/NOTED 4/16/24 1159AM,W6949M,TOW TOW FEE,24P2000504,504
04/18/2024 12:06 PM,VERONA RD,CHALKED/NOTED 4/16/24 1159AM,W6949M,036 ABANDONMENT 48 HRS-PUB/PRIV,24P2000505,505
04/19/2024 06:51 AM,UNIVERSITY AVE,100% IN VIOLATION. X2585,APU5709,046 NO PARKING ANYTIME,24P2000506,506
04/19/2024 07:05 AM,UNIVERSITY AVE,100% IN VIOLATION.,ALD1328,TOW TOW FEE,24P2000507,507
04/19/2024 07:05 AM,UNIVERSITY AVE,100% IN VIOLATION.,ALD1328,100 NO STOP/STAND/PARK 7A-8:30A,24P2000508,508
04/19/2024 07:11 AM,SPEEDWAY RD,100% IN VIOLATION.,NL5556,TOW TOW FEE,24P2000509,509
04/19/2024 07:11 AM,SPEEDWAY RD,100% IN VIOLATION.,NL5556,100 NO STOP/STAND/PARK 7A-8:30A,24P2000510,510
04/19/2024 08:04 AM,BREESE TER,NO PARKING 4/19/24 7A-5P,ACP7029,TOW TOW FEE,24P2000511,511
04/19/2024 08:04 AM,BREESE TER,NO PARKING 4/19/24 7A-5P,ACP7029,151 RESTRICTED BY TEMP POSTING/BAGGED METER,24P2000512,512
04/19/2024 08:07 AM,BREESE TER,NO PARKING 4/19/24 7A-5P,ATP4791,TOW TOW FEE,24P2000513,513
04/19/2024 08:07 AM,BREESE TER,NO PARKING 4/19/24 7A-5P,ATP4791,151 RESTRICTED BY TEMP POSTING/BAGGED METER,24P2000514,514
04/19/2024 08:15 AM,BREESE TER,NO PARKING 4/19/24 7A-5P,HJJ6585,TOW TOW FEE,24P2000515,515
04/19/2024 08:15 AM,BREESE TER,NO PARKING 4/19/24 7A-5P,HJJ6585,151 RESTRICTED BY TEMP POSTING/BAGGED METER,24P2000516,516
04/19/2024 08:18 AM,BREESE TER,NO PARKING 4/19/24 7A-5P,ERT277,TOW TOW FEE,24P2000517,517
04/19/2024 08:18 AM,BREESE TER,NO PARKING 4/19/24 7A-5P,ERT277,151 RESTRICTED BY TEMP POSTING/BAGGED METER,24P2000518,518
04/19/2024 08:22 AM,BREESE TER,NO PARKING 4/19/24 7A-5P,AKZ9484,TOW TOW FEE,24P2000519,519
04/19/2024 08:22 AM,BREESE TER,NO PARKING 4/19/24 7A-5P,AKZ9484,151 RESTRICTED BY TEMP POSTING/BAGGED METER,24P2000520,520
04/19/2024 08:26 AM,BREESE TER,NO PARKING 4/19/24 7A-5P,AFK8978,TOW TOW FEE,24P2000521,521
04/19/2024 08:26 AM,BREESE TER,NO PARKING 4/19/24 7A-5P,AFK8978,151 RESTRICTED BY TEMP POSTING/BAGGED METER,24P2000522,522
04/19/2024 09:42 AM,SUMMIT AVE,NO PARKING HERE TO DRIVEWAY,ACN2202,W075 WARNING - RESTRICTED BY SIGNS,24P2000523,523
04/19/2024 11:39 AM,MIDVALE BLVD,16 - NO DIS PERMIT VISIBLE IN VEH,C9177FE,016 DISABLED PARKING VIOLATION,24P2000524,524
04/19/2024 12:09 PM,CABLE AVE,CHALKED/NOTED 4/16/24 1035PM,WS6465HK,004 STREET STORAGE(48 HR LIMIT),24P2000525,525
04/19/2024 01:02 PM,MIDVALE BLVD,16 - NO DIS PERMIT VISIBLE IN VEH,1RISH1,W016 WARNING - DISABLED PARKING VIOLATION,24P2000526,526
04/22/2024 07:09 AM,REGENT ST,100% IN VIOLATION,ADF6300,TOW TOW FEE,24P2000527,527
04/22/2024 07:09 AM,REGENT ST,100% IN VIOLATION,ADF6300,100 NO STOP/STAND/PARK 7A-8:30A,24P2000528,528
04/22/2024 09:55 AM,PINE LAWN PKWY,"LIC PLATES NOT DISPLAYED, EXPIRED REGISTRATION",Not Found,050 UNREG.VEH/IMPROPER DISPLAY,24P2000529,529
04/22/2024 10:46 AM,TUCSON TRL,LIC PLATES CANCELLED NOT ASSIGNED TO VEH,AME8234,050 UNREG.VEH/IMPROPER DISPLAY,24P2000530,530
04/22/2024 10:57 AM,TUCSON TRL,LIC PLATES NOT DISPLAYED,Not Found,050 UNREG.VEH/IMPROPER DISPLAY,24P2000531,531
04/22/2024 11:02 AM,MUIR FIELD RD,NO PARKING HERE TO DRIVEWAY.100%,AVC6980,075 RESTRICTED BY SIGNS,24P2000532,532
04/22/2024 11:03 AM,MUIR FIELD RD,NO PARKING HERE TO DRIVEWAY.100%,TR6780,075 RESTRICTED BY SIGNS,24P2000533,533
04/22/2024 11:10 AM,CHESTER DR,LIC PLATES EXPIRED 11/21,302ZLA,050 UNREG.VEH/IMPROPER DISPLAY,24P2000534,534
04/22/2024 01:46 PM,ELLIS POTTER CT,"LIC PLATES EXPIRED 12/23, NOT ASSIGNED TO VEH",ASZ1783,050 UNREG.VEH/IMPROPER DISPLAY,24P2000535,535
04/23/2024 07:33 AM,MUIR FIELD RD,NO PARKING HERE TO DRIVEWAY. 100%,ANY6755,075 RESTRICTED BY SIGNS,24P2000536,536
04/23/2024 07:35 AM,MUIR FIELD RD,NO PARKING HERE TO DRIVEWAY. 100%,W6429X,075 RESTRICTED BY SIGNS,24P2000537,537
04/24/2024 07:09 AM,MONROE ST,100% IN VIOLATION,EGM6740,TOW TOW FEE,24P2000538,538
04/24/2024 07:09 AM,MONROE ST,100% IN VIOLATION,EGM6740,100 NO STOP/STAND/PARK 7A-8:30A,24P2000539,539
04/24/2024 07:14 AM,MONROE ST,100% IN VIOLATION,UCV544,TOW TOW FEE,24P2000540,540
04/24/2024 07:14 AM,MONROE ST,100% IN VIOLATION,UCV544,100 NO STOP/STAND/PARK 7A-8:30A,24P2000541,541
04/24/2024 02:00 PM,ELLIS POTTER CT,CHALKED/NOTED 4/22/24 145PM,ASZ1783,TOW TOW FEE,24P2000542,542
04/24/2024 02:00 PM,ELLIS POTTER CT,CHALKED/NOTED 4/22/24 145PM,ASZ1783,036 ABANDONMENT 48 HRS-PUB/PRIV,24P2000543,543
04/26/2024 10:48 AM,BLUEBIRD CT,NO PARKING IN THIS CIRCLE. 100 %,UB1955,075 RESTRICTED BY SIGNS,24P2000544,544
04/26/2024 11:02 AM,ODANA LN,"LIC PLATES NOT DISPLAYED, VEH NOT REGISTERED",Not Found,050 UNREG.VEH/IMPROPER DISPLAY,24P2000545,545
04/26/2024 11:31 AM,SUMMIT AVE,AT VISIBLE DRIVE,673YGS,072 LESS 4' OF DRIVEWAY/ALLEY/PRVT DRIVE,24P2000546,546
04/26/2024 11:54 AM,PARK ST,16 - NO DIS PERMIT VISIBLE IN VEH,AVS3990,016 DISABLED PARKING VIOLATION,24P2000547,547
04/26/2024 01:31 PM,EMERALD ST,100% IN VIOLATION,ATS4899,080 AGAINST TRAFFIC-2 WAY STREET,24P2000548,548
04/27/2024 07:09 AM,GARDEN VIEW CT,PRIVATE PARKING,APB4368,083 POSTED PRIVATE OR PUBLIC PROPERTY,24P2000549,549
04/27/2024 07:30 AM,MILLS ST,NO PARKING 7A-6P. 100%,ANK3987,047 NO PARKING SPECIFIED TIMES,24P2000550,550
04/27/2024 07:31 AM,MILLS ST,NO PARKING 7A-6P. 100%,ANK3987,W047 WARNING - NO PARKING SPECIFIED TIMES,24P2000551,551
04/27/2024 08:42 AM,PINCKNEY ST,2 FEET INTO VISIBLE DRIVE,ARZ3209,TOW TOW FEE,24P2000552,552
04/27/2024 08:42 AM,PINCKNEY ST,2 FEET INTO VISIBLE DRIVE,ARZ3209,072 LESS 4' OF DRIVEWAY/ALLEY/PRVT DRIVE,24P2000553,553
04/27/2024 10:47 AM,PINCKNEY ST,10 INCHES FROM VISIBLE DRIVE,AVZ6586,072 LESS 4' OF DRIVEWAY/ALLEY/PRVT DRIVE,24P2000554,554
04/27/2024 11:40 AM,MIFFLIN ST,2 FEET INTO VISIBLE DRIVE,AGE8530,072 LESS 4' OF DRIVEWAY/ALLEY/PRVT DRIVE,24P2000555,555
04/27/2024 12:49 PM,MIFFLIN ST,NO PARKING,EL24478,083 POSTED PRIVATE OR PUBLIC PROPERTY,24P2000556,556
04/27/2024 12:51 PM,MIFFLIN ST,NO PARKING,200YYZ,083 POSTED PRIVATE OR PUBLIC PROPERTY,24P2000557,557
04/27/2024 12:53 PM,MIFFLIN ST,NO PARKING,AKD1647,083 POSTED PRIVATE OR PUBLIC PROPERTY,24P2000558,558
04/27/2024 12:54 PM,MIFFLIN ST,NO PARKING,2GS253,083 POSTED PRIVATE OR PUBLIC PROPERTY,24P2000559,559
04/29/2024 01:28 PM,PARK EDGE DR,100% IN VIOLATION,AVM3810,046 NO PARKING ANYTIME,24P2000560,560
04/30/2024 08:49 AM,WOODINGTON WAY,TIME OF VIOLATION 816A.NSSP 7A-4P. 100%,APA1727,156 NO STOP/STAND/PARK SCHOOL ZONE SPECIFIED TIMES,24P2000561,561
04/30/2024 08:53 AM,WOODINGTON WAY,TIME OF VIOLATION 815A. 100%,APB3084,063 NO STOPPING STANDING OR PARKING,24P2000562,562
04/30/2024 08:56 AM,WOODINGTON WAY,TIME OF VIOLATION 828A. 100%,AXB3266,063 NO STOPPING STANDING OR PARKING,24P2000563,563
04/30/2024 08:59 AM,WOODINGTON WAY,TIME OF VIOLATION 832A. NO PARKING SCHOOL BUS STOP,AGJ9456,075 RESTRICTED BY SIGNS,24P2000564,564
04/30/2024 09:01 AM,WOODINGTON WAY,TIME OF VIOLATION 832A. NO PARKING SCHOOL BUS STOP,AGM9017,075 RESTRICTED BY SIGNS,24P2000565,565
04/30/2024 09:03 AM,WOODINGTON WAY,TIME OF VIOLATION 825A. 100%,APB3084,063 NO STOPPING STANDING OR PARKING,24P2000566,566
04/30/2024 12:15 PM,PILGRIM RD,100% IN VIOLATION,MSY255,080 AGAINST TRAFFIC-2 WAY STREET,24P2000567,567
04/30/2024 12:34 PM,SANTA FE TRL,LIC PLATES EXPIRED 12/23,YA35354,050 UNREG.VEH/IMPROPER DISPLAY,24P2000568,568
05/01/2024 07:54 AM,PRAIRIE RD,TIME OF VIOLATION 720A. NSSP 7A-430P,AUV2455,156 NO STOP/STAND/PARK SCHOOL ZONE SPECIFIED TIMES,24P2000569,569
05/01/2024 07:56 AM,PRAIRIE RD,TIME OF VIOLATION 727A. NSSP 7A-430P,ARK8706,156 NO STOP/STAND/PARK SCHOOL ZONE SPECIFIED TIMES,24P2000570,570
05/01/2024 07:58 AM,PRAIRIE RD,TIME OF VIOLATION 738A. NSSP 7A-430P,AUR2709,156 NO STOP/STAND/PARK SCHOOL ZONE SPECIFIED TIMES,24P2000571,571
05/01/2024 11:10 AM,FARGO TRL,LIC PLATES EXPIRED 9/23,ARN2328,050 UNREG.VEH/IMPROPER DISPLAY,24P2000572,572
05/01/2024 01:17 PM,PARK HEIGHTS CT,PRIVATE PARKING,AMA2585,083 POSTED PRIVATE OR PUBLIC PROPERTY,24P2000573,573
05/01/2024 01:19 PM,PARK HEIGHTS CT,PRIVATE PARKING,Not Found,083 POSTED PRIVATE OR PUBLIC PROPERTY,24P2000574,574
05/01/2024 01:22 PM,PARK HEIGHTS CT,PRIVATE PARKING,UR2785,083 POSTED PRIVATE OR PUBLIC PROPERTY,24P2000575,575
05/02/2024 09:08 AM,PARK RIDGE DR,100% IN VIOLATION,AUB2547,046 NO PARKING ANYTIME,24P2000576,576
05/02/2024 12:48 PM,CROSS OAK DR,STEMMED 4/30/24 1148AM,WS8118HF,004 STREET STORAGE(48 HR LIMIT),24P2000577,577
05/03/2024 07:09 AM,ALLEN ST,100% IN VIOLATION,AWP1652,TOW TOW FEE,24P2000578,578
05/03/2024 07:09 AM,ALLEN ST,100% IN VIOLATION,AWP1652,102 NO STOP/STAND/PARK 7A-9A,24P2000579,579
05/03/2024 07:13 AM,ALLEN ST,100% IN VIOLATION,AFS4880,TOW TOW FEE,24P2000580,580
05/03/2024 07:13 AM,ALLEN ST,100% IN VIOLATION,AFS4880,102 NO STOP/STAND/PARK 7A-9A,24P2000581,581
05/03/2024 07:23 AM,REGENT ST,100% IN VIOLATION,1A7053Y,TOW TOW FEE,24P2000582,582
05/03/2024 07:23 AM,REGENT ST,100% IN VIOLATION,1A7053Y,100 NO STOP/STAND/PARK 7A-8:30A,24P2000583,583
05/03/2024 07:48 AM,ALLEN ST,100% IN VIOLATION,ASJ7189,TOW TOW FEE,24P2000584,584
05/03/2024 07:48 AM,ALLEN ST,100% IN VIOLATION,ASJ7189,102 NO STOP/STAND/PARK 7A-9A,24P2000585,585
05/03/2024 08:14 AM,MONROE ST,100% IN VIOLATION,AKS6741,100 NO STOP/STAND/PARK 7A-8:30A,24P2000586,586
05/03/2024 08:48 AM,SPEEDWAY RD,SIGN(S) POSTED IN CLEAR VIEW.100%,AUF1945,063 NO STOPPING STANDING OR PARKING,24P2000587,587
05/03/2024 09:37 AM,SHALE DR,CHALKED/NOTED 5/1/24 930AM,212WTA,004 STREET STORAGE(48 HR LIMIT),24P2000588,588
05/03/2024 10:58 AM,MUIR FIELD RD,NO PARKING HERE TO DRIVEWAY.100 %,AXD1949,075 RESTRICTED BY SIGNS,24P2000589,589
05/03/2024 11:24 AM,LELAND DR,"VEH NOT REGISTERED, PLATE NOT FOR THIS VEH",AGW8110,050 UNREG.VEH/IMPROPER DISPLAY,24P2000590,590
05/03/2024 11:57 AM,RANDALL AVE,PARKED NEXT TO VISIBLE HYDRANT.100% YELLOW CURB,ZZ99550,071 LESS THAN 10' OF FIRE HYDRANT,24P2000591,591
05/03/2024 01:44 PM,UNIVERSITY AVE,CHALKED/NOTED 5/1/24 140PM,892NAU,TOW TOW FEE,24P2000592,592
05/03/2024 01:44 PM,UNIVERSITY AVE,CHALKED/NOTED 5/1/24 140PM,892NAU,036 ABANDONMENT 48 HRS-PUB/PRIV,24P2000593,593
05/06/2024 08:11 AM,CHAMBERLAIN AVE,NO PARKING 8A-NOON MONDAYS,835XWW,048 STREET CLEAN/MAINTENANCE REGULATIONS,24P2000594,594
05/06/2024 08:18 AM,CHAMBERLAIN AVE,NO PARKING 8A-NOON MONDAYS,KJB6266,048 STREET CLEAN/MAINTENANCE REGULATIONS,24P2000595,595
05/06/2024 08:33 AM,BLUFF ST,NO PARKING 8A-NOON MONDAYS,ACS5292,048 STREET CLEAN/MAINTENANCE REGULATIONS,24P2000596,596
05/06/2024 08:34 AM,BLUFF ST,NO PARKING 8A-NOON MONDAYS,AXH8324,048 STREET CLEAN/MAINTENANCE REGULATIONS,24P2000597,597
05/06/2024 08:36 AM,BLUFF ST,NO PARKING 8A-NOON MONDAYS,GRMCKR2,048 STREET CLEAN/MAINTENANCE REGULATIONS,24P2000598,598
05/06/2024 08:38 AM,BLUFF ST,NO PARKING 8A-NOON MONDAYS,ATJ6772,048 STREET CLEAN/MAINTENANCE REGULATIONS,24P2000599,599
05/06/2024 08:46 AM,STEVENS ST,NO PARKING 8A-NOON MONDAYS,AVE6766,048 STREET CLEAN/MAINTENANCE REGULATIONS,24P2000600,600
05/06/2024 08:48 AM,STEVENS ST,NO PARKING 8A-NOON MONDAYS,AFC3724,048 STREET CLEAN/MAINTENANCE REGULATIONS,24P2000601,601
05/06/2024 08:52 AM,VAN HISE AVE,NO PARKING 8A-NOON MONDAYS,ADA8093,048 STREET CLEAN/MAINTENANCE REGULATIONS,24P2000602,602
05/06/2024 08:56 AM,MASON ST,NO PARKING 8A-NOON MONDAYS,719YKY,048 STREET CLEAN/MAINTENANCE REGULATIONS,24P2000603,603
05/06/2024 09:03 AM,UNIVERSITY AVE,NO PARKING 8A-NOON MONDAYS,ATC5787,048 STREET CLEAN/MAINTENANCE REGULATIONS,24P2000604,604
05/06/2024 09:54 AM,FARLEY AVE,NO PARKING HERE TO CORNER W/ARROW.100%,AMN2124,075 RESTRICTED BY SIGNS,24P2000605,605
05/06/2024 10:14 AM,ASH ST,RES PERMIT PARKING ONLY 8A-6P. 100 %,2TT277U,075 RESTRICTED BY SIGNS,24P2000606,606
05/06/2024 10:15 AM,ASH ST,RES PERMIT PARKING ONLY 8A-6P. 100 %,ATP5943,075 RESTRICTED BY SIGNS,24P2000607,607
05/06/2024 10:26 AM,ELM ST,RES PERMIT PARKING ONLY 8A-6P. 100 %,LM7951,075 RESTRICTED BY SIGNS,24P2000608,608
05/06/2024 11:36 AM,PRINCETON AVE,CHALKED 923AM,TZ6430,005 2 HR LIMIT DURING POSTED TIMES,24P2000609,609
05/06/2024 11:37 AM,PRINCETON AVE,CHALKED 923AM,ADK2696,005 2 HR LIMIT DURING POSTED TIMES,24P2000610,610
05/06/2024 11:40 AM,PRINCETON AVE,CHALKED 923AM,ALV3701,005 2 HR LIMIT DURING POSTED TIMES,24P2000611,611
05/06/2024 11:46 AM,BIRGE TER,CHALKED 928AM,LCG6326,005 2 HR LIMIT DURING POSTED TIMES,24P2000612,612
05/06/2024 11:55 AM,FOREST ST,CHALKED 928AM. RES PERMIT IN WRONG AREA,AUC3336,005 2 HR LIMIT DURING POSTED TIMES,24P2000613,613
05/06/2024 11:58 AM,FOREST ST,CHALKED 928AM,485TEX,005 2 HR LIMIT DURING POSTED TIMES,24P2000614,614
05/06/2024 12:02 PM,FOREST ST,CHALKED 936AM,AME4158,005 2 HR LIMIT DURING POSTED TIMES,24P2000615,615
05/06/2024 12:05 PM,FOREST ST,CHALKED 936AM,APW4912,005 2 HR LIMIT DURING POSTED TIMES,24P2000616,616
05/06/2024 12:06 PM,FOREST ST,CHALKED 936AM,309WXG,005 2 HR LIMIT DURING POSTED TIMES,24P2000617,617
05/06/2024 12:10 PM,FOREST ST,CHALKED 936AM. RES PERMIT IN WRONG AREA,AUC3336,005 2 HR LIMIT DURING POSTED TIMES,24P2000618,618
05/06/2024 12:53 PM,SPOONER ST,NO PARKING BETWEEN SIGNS W/ARROW(S).100%,AGK2040,075 RESTRICTED BY SIGNS,24P2000619,619
05/06/2024 12:58 PM,HOYT ST,CHALKED 1031AM,CV30823,005 2 HR LIMIT DURING POSTED TIMES,24P2000620,620
05/06/2024 01:04 PM,CHADBOURNE AVE,CHALKED 1043AM,ASR3161,005 2 HR LIMIT DURING POSTED TIMES,24P2000621,621
05/06/2024 01:06 PM,CHADBOURNE AVE,CHALKED 1043AM,AUL8962,005 2 HR LIMIT DURING POSTED TIMES,24P2000622,622
05/06/2024 01:09 PM,CHADBOURNE AVE,CHALKED 1043AM,245YLC,005 2 HR LIMIT DURING POSTED TIMES,24P2000623,623
05/06/2024 01:12 PM,CHADBOURNE AVE,CHALKED 1043AM,ARZ5069,005 2 HR LIMIT DURING POSTED TIMES,24P2000624,624
05/06/2024 01:13 PM,CHADBOURNE AVE,CHALKED 1043AM,AWM2956,005 2 HR LIMIT DURING POSTED TIMES,24P2000625,625
05/06/2024 01:24 PM,CHADBOURNE AVE,RES PERMIT PARKING ONLY 8A-6P. 100%,APC8209,075 RESTRICTED BY SIGNS,24P2000626,626
05/06/2024 01:26 PM,ASH ST,RES PERMIT PARKING ONLY 8A-6P. 100%,443MSM,075 RESTRICTED BY SIGNS,24P2000627,627
05/06/2024 01:29 PM,ASH ST,RES PERMIT PARKING ONLY 8A-6P. 100%,AUF1813,075 RESTRICTED BY SIGNS,24P2000628,628
05/06/2024 01:31 PM,ELM ST,RES PERMIT PARKING ONLY 8A-6P. 100%,ARD4108,075 RESTRICTED BY SIGNS,24P2000629,629
05/08/2024 08:14 AM,EDGEWOOD AVE,NO PARKING 8AM-NOON WEDNESDAYS,AGV6328,048 STREET CLEAN/MAINTENANCE REGULATIONS,24P2000630,630
05/08/2024 08:16 AM,EDGEWOOD AVE,NO PARKING 8AM-NOON WEDNESDAYS,AJT6443,048 STREET CLEAN/MAINTENANCE REGULATIONS,24P2000631,631
05/08/2024 08:23 AM,HARRISON ST,NO PARKING 8AM-NOON WEDNESDAYS,ARZ3988,048 STREET CLEAN/MAINTENANCE REGULATIONS,24P2000632,632
05/08/2024 08:33 AM,OAKLAND AVE,NO PARKING 8AM-NOON WEDNESDAYS,8NPX96,048 STREET CLEAN/MAINTENANCE REGULATIONS,24P2000633,633
05/08/2024 08:35 AM,OAKLAND AVE,NO PARKING 8AM-NOON WEDNESDAYS,LSL8302,048 STREET CLEAN/MAINTENANCE REGULATIONS,24P2000634,634
05/09/2024 08:13 AM,MONROE ST,100% IN VIOLATION,241YNA,100 NO STOP/STAND/PARK 7A-8:30A,24P2000635,635
05/09/2024 08:16 AM,GRANT ST,NO PARKING 8A-NOON THURSDAYS,JNQ205,048 STREET CLEAN/MAINTENANCE REGULATIONS,24P2000636,636
05/09/2024 08:21 AM,LINCOLN ST,NO PARKING 8A-NOON THURSDAYS,AJY2856,048 STREET CLEAN/MAINTENANCE REGULATIONS,24P2000637,637
05/09/2024 08:29 AM,OAKLAND AVE,NO PARKING 8A-NOON THURSDAYS,AGU9810,048 STREET CLEAN/MAINTENANCE REGULATIONS,24P2000638,638
05/09/2024 08:31 AM,OAKLAND AVE,NO PARKING 8A-NOON THURSDAYS,13995GT,048 STREET CLEAN/MAINTENANCE REGULATIONS,24P2000639,639
05/09/2024 08:55 AM,CAROMAR DR,NO PARKING 8A-NOON THURSDAYS,AWX2457,048 STREET CLEAN/MAINTENANCE REGULATIONS,24P2000640,640
05/09/2024 08:57 AM,CAROMAR DR,NO PARKING 8A-NOON THURSDAYS,515XRS,048 STREET CLEAN/MAINTENANCE REGULATIONS,24P2000641,641
05/09/2024 10:44 AM,PROSPECT AV,NO PARKING 1030A-2P THURSDAYS,732WML,048 STREET CLEAN/MAINTENANCE REGULATIONS,24P2000642,642
05/09/2024 10:51 AM,TERRY PL,NO PARKING 1030A-2P THURSDAYS,5DA21N,048 STREET CLEAN/MAINTENANCE REGULATIONS,24P2000643,643
05/09/2024 10:54 AM,WOODROW ST,NO PARKING 1030A-2P THURSDAYS. X890,ALF4967,048 STREET CLEAN/MAINTENANCE REGULATIONS,24P2000644,644
05/09/2024 10:56 AM,WOODROW ST,NO PARKING 1030A-2P THURSDAYS. X860,AMX9936,048 STREET CLEAN/MAINTENANCE REGULATIONS,24P2000645,645
05/09/2024 11:14 AM,GLENWAY ST,NO PARKING 1030A-2P THURSDAYS.,ATD4413,048 STREET CLEAN/MAINTENANCE REGULATIONS,24P2000646,646
05/09/2024 11:15 AM,GLENWAY ST,NO PARKING 1030A-2P THURSDAYS.,971RDE,048 STREET CLEAN/MAINTENANCE REGULATIONS,24P2000647,647
05/09/2024 11:23 AM,PICKFORD ST,NO PARKING 1030A-2P THURSDAYS.,702LAU,048 STREET CLEAN/MAINTENANCE REGULATIONS,24P2000648,648
05/09/2024 11:28 AM,SPRAGUE ST,NO PARKING 1030A-2P THURSDAYS.,762XNR,048 STREET CLEAN/MAINTENANCE REGULATIONS,24P2000649,649
05/09/2024 11:30 AM,SPRAGUE ST,NO PARKING 1030A-2P THURSDAYS.,AMF3246,048 STREET CLEAN/MAINTENANCE REGULATIONS,24P2000650,650
05/09/2024 11:33 AM,SHELDON ST,NO PARKING 1030A-2P THURSDAYS.,AGK2748,048 STREET CLEAN/MAINTENANCE REGULATIONS,24P2000651,651
05/09/2024 11:34 AM,SHELDON ST,NO PARKING 1030A-2P THURSDAYS.,250WHS,048 STREET CLEAN/MAINTENANCE REGULATIONS,24P2000652,652
05/09/2024 11:40 AM,VIRGINIA TER,NO PARKING 1030A-2P THURSDAYS.,KSX1543,048 STREET CLEAN/MAINTENANCE REGULATIONS,24P2000653,653
05/09/2024 11:42 AM,VIRGINIA TER,NO PARKING 1030A-2P THURSDAYS.,LFK6839,048 STREET CLEAN/MAINTENANCE REGULATIONS,24P2000654,654
05/09/2024 11:47 AM,VIRGINIA TER,RES PERMIT PARKING ONLY 8A-6P.100%,XE38559,075 RESTRICTED BY SIGNS,24P2000655,655
05/09/2024 01:03 PM,VAN BUREN ST,NO PARKING THIS SIDE,ATF9975,075 RESTRICTED BY SIGNS,24P2000656,656
05/10/2024 07:10 AM,REGENT ST,100% IN VIOLATION,APF3646,TOW TOW FEE,24P2000657,657
05/10/2024 07:10 AM,REGENT ST,100% IN VIOLATION,APF3646,100 NO STOP/STAND/PARK 7A-8:30A,24P2000658,658
05/10/2024 07:22 AM,MONROE ST,100% IN VIOLATION,69A3RH,TOW TOW FEE,24P2000659,659
05/10/2024 07:22 AM,MONROE ST,100% IN VIOLATION,69A3RH,100 NO STOP/STAND/PARK 7A-8:30A,24P2000660,660
05/10/2024 08:03 AM,MONROE ST,100% IN VIOLATION,FB43243,TOW TOW FEE,24P2000661,661
05/10/2024 08:03 AM,MONROE ST,100% IN VIOLATION,FB43243,100 NO STOP/STAND/PARK 7A-8:30A,24P2000662,662
05/10/2024 08:07 AM,MONROE ST,100% IN VIOLATION,672UVS,TOW TOW FEE,24P2000663,663
05/10/2024 08:07 AM,MONROE ST,100% IN VIOLATION,672UVS,100 NO STOP/STAND/PARK 7A-8:30A,24P2000664,664
05/10/2024 09:46 AM,PAUNACK AVE,100% IN VIOLATION,S0101,080 AGAINST TRAFFIC-2 WAY STREET,24P2000665,665
05/10/2024 11:09 AM,ADAMS ST,CHALKED 852AM,ADN8311,005 2 HR LIMIT DURING POSTED TIMES,24P2000666,666
05/10/2024 11:11 AM,ADAMS ST,CHALKED 852AM,ALH5598,005 2 HR LIMIT DURING POSTED TIMES,24P2000667,667
05/10/2024 11:15 AM,ADAMS ST,CHALKED 852AM,AUJ3442,005 2 HR LIMIT DURING POSTED TIMES,24P2000668,668
05/10/2024 11:17 AM,ADAMS ST,CHALKED 852AM,ALY9691,005 2 HR LIMIT DURING POSTED TIMES,24P2000669,669
05/10/2024 11:25 AM,MADISON ST,CHALKED 902AM,AGN6979,005 2 HR LIMIT DURING POSTED TIMES,24P2000670,670
05/10/2024 11:27 AM,MADISON ST,CHALKED 902AM,AVV3293,005 2 HR LIMIT DURING POSTED TIMES,24P2000671,671
05/10/2024 11:29 AM,MADISON ST,CHALKED 902AM,ALK8289,005 2 HR LIMIT DURING POSTED TIMES,24P2000672,672
05/10/2024 11:32 AM,MADISON ST,CHALKED 902AM,BBYREY,005 2 HR LIMIT DURING POSTED TIMES,24P2000673,673
05/10/2024 11:33 AM,MADISON ST,CHALKED 902AM,EA20626,005 2 HR LIMIT DURING POSTED TIMES,24P2000674,674
05/10/2024 11:37 AM,OAKLAND AVE,CHALKED 907AM,RG3934,005 2 HR LIMIT DURING POSTED TIMES,24P2000675,675
05/10/2024 11:40 AM,OAKLAND AVE,CHALKED 907AM,AVL7034,005 2 HR LIMIT DURING POSTED TIMES,24P2000676,676
05/10/2024 11:43 AM,OAKLAND AVE,CHALKED 907AM,AZ29128,005 2 HR LIMIT DURING POSTED TIMES,24P2000677,677
05/10/2024 11:52 AM,JEFFERSON ST,CHALKED 914AM,ARF1708,005 2 HR LIMIT DURING POSTED TIMES,24P2000678,678
05/10/2024 11:54 AM,JEFFERSON ST,CHALKED 914AM,ATJ3541,005 2 HR LIMIT DURING POSTED TIMES,24P2000679,679
05/10/2024 11:58 AM,JEFFERSON ST,CHALKED 914AM,AEY6382,005 2 HR LIMIT DURING POSTED TIMES,24P2000680,680
05/10/2024 12:02 PM,JEFFERSON ST,CHALKED 914AM,AWY2652,005 2 HR LIMIT DURING POSTED TIMES,24P2000681,681
05/10/2024 12:04 PM,JEFFERSON ST,CHALKED 914AM,TF8517,005 2 HR LIMIT DURING POSTED TIMES,24P2000682,682
05/10/2024 12:06 PM,JEFFERSON ST,CHALKED 914AM,TK7224,005 2 HR LIMIT DURING POSTED TIMES,24P2000683,683
05/10/2024 12:20 PM,HARRISON ST,CHALKED 926AM,452ZSZ,005 2 HR LIMIT DURING POSTED TIMES,24P2000684,684
05/10/2024 12:22 PM,HARRISON ST,CHALKED 926AM,AAS3098,005 2 HR LIMIT DURING POSTED TIMES,24P2000685,685
05/10/2024 12:25 PM,HARRISON ST,CHALKED 926AM,DYE3047,005 2 HR LIMIT DURING POSTED TIMES,24P2000686,686
05/10/2024 12:31 PM,HARRISON ST,CHALKED 934AM,AU46UB,005 2 HR LIMIT DURING POSTED TIMES,24P2000687,687
05/14/2024 07:24 AM,TREE LN,LIC PLATES EXPIRED 10/23,AHJ4307,050 UNREG.VEH/IMPROPER DISPLAY,24P2000688,688
05/14/2024 11:09 AM,PARK HEIGHTS CT,CHALKED/NOTED 5/12/24 940AM,W1746X,004 STREET STORAGE(48 HR LIMIT),24P2000689,689
05/14/2024 11:09 AM,PARK HEIGHTS CT,CHALKED/NOTED 5/12/24 940AM,W1746X,004 STREET STORAGE(48 HR LIMIT),24P2000689,689
05/16/2024 10:49 AM,GANSER WAY,PARKED NEXT TO VISIBLE HYDRANT. X7601,AWX2485,071 LESS THAN 10' OF FIRE HYDRANT,24P2000690,690
05/17/2024 10:10 AM,MORRAINE VIEW DR,NO PARKING 7A-430P ON SCHOOL DAYS.95%,MREAM,157 SCHOOL ZONE SPECIFIED TIMES,24P2000691,691
05/17/2024 10:10 AM,MORRAINE VIEW DR,NO PARKING 7A-430P ON SCHOOL DAYS.95%,MREAM,157 SCHOOL ZONE SPECIFIED TIMES,24P2000691,691
05/20/2024 07:10 AM,MORRAINE VIEW DR,NO PARKING 7A-430P ON SCHOOL DAYS.100%,AWX5760,157 SCHOOL ZONE SPECIFIED TIMES,24P2000692,692
05/20/2024 08:24 AM,OAKBROOK CIR,"LIC PLATES EXPIRED 11/23, SUSPENDED",ANS1898,050 UNREG.VEH/IMPROPER DISPLAY,24P2000693,693
05/20/2024 08:25 AM,OAKBROOK CIR,"LIC PLATES EXPIRED 11/23, SUSPENDED",ANS1898,050 UNREG.VEH/IMPROPER DISPLAY,24P2000694,694
05/20/2024 09:28 AM,ALLIED DR,NO PARKING HERE TO DRIVEWAY.100%,AVU9414,075 RESTRICTED BY SIGNS,24P2000695,695
05/20/2024 09:52 AM,PARK EDGE DR,100% IN VIOLATION,AKW4465,046 NO PARKING ANYTIME,24P2000696,696
